--
-- PostgreSQL database dump
--

-- Dumped from database version 17.5
-- Dumped by pg_dump version 17.2

SET statement_timeout = 0;
SET lock_timeout = 0;
SET idle_in_transaction_session_timeout = 0;
SET transaction_timeout = 0;
SET client_encoding = 'UTF8';
SET standard_conforming_strings = on;
SELECT pg_catalog.set_config('search_path', '', false);
SET check_function_bodies = false;
SET xmloption = content;
SET client_min_messages = warning;
SET row_security = off;

--
-- Name: pgcrypto; Type: EXTENSION; Schema: -; Owner: -
--

CREATE EXTENSION IF NOT EXISTS pgcrypto WITH SCHEMA public;


--
-- Name: EXTENSION pgcrypto; Type: COMMENT; Schema: -; Owner: 
--

COMMENT ON EXTENSION pgcrypto IS 'cryptographic functions';


SET default_tablespace = '';

SET default_table_access_method = heap;

--
-- Name: game_scores; Type: TABLE; Schema: public; Owner: skribbl-word_owner
--

CREATE TABLE public.game_scores (
    id uuid DEFAULT gen_random_uuid() NOT NULL,
    user_id uuid NOT NULL,
    game_mode character varying(20) NOT NULL,
    difficulty character varying(10),
    score integer DEFAULT 0 NOT NULL,
    survival_time_seconds integer,
    played_at timestamp with time zone DEFAULT now() NOT NULL,
    CONSTRAINT game_scores_difficulty_check CHECK (((difficulty)::text = ANY ((ARRAY['EASY'::character varying, 'MEDIUM'::character varying, 'HARD'::character varying, 'RANDOM'::character varying])::text[]))),
    CONSTRAINT game_scores_game_mode_check CHECK (((game_mode)::text = ANY ((ARRAY['TIME_ATTACK'::character varying, 'SURVIVAL'::character varying])::text[])))
);


ALTER TABLE public.game_scores OWNER TO "skribbl-word_owner";

--
-- Name: users; Type: TABLE; Schema: public; Owner: skribbl-word_owner
--

CREATE TABLE public.users (
    id uuid DEFAULT gen_random_uuid() NOT NULL,
    username character varying(50) NOT NULL,
    email character varying(255) NOT NULL,
    password_hash character varying(255) NOT NULL,
    role character varying(20) DEFAULT 'ROLE_USER'::character varying NOT NULL,
    created_at timestamp with time zone DEFAULT now() NOT NULL,
    updated_at timestamp with time zone,
    CONSTRAINT users_role_check CHECK (((role)::text = ANY ((ARRAY['ROLE_USER'::character varying, 'ROLE_ADMIN'::character varying])::text[])))
);


ALTER TABLE public.users OWNER TO "skribbl-word_owner";

--
-- Name: words; Type: TABLE; Schema: public; Owner: skribbl-word_owner
--

CREATE TABLE public.words (
    id uuid DEFAULT gen_random_uuid() NOT NULL,
    word character varying(100) NOT NULL,
    category character varying(100),
    difficulty character varying(10),
    image_url text,
    created_at timestamp with time zone DEFAULT now() NOT NULL,
    updated_at timestamp with time zone,
    CONSTRAINT words_difficulty_check CHECK (((difficulty)::text = ANY ((ARRAY['EASY'::character varying, 'MEDIUM'::character varying, 'HARD'::character varying, 'RANDOM'::character varying])::text[])))
);


ALTER TABLE public.words OWNER TO "skribbl-word_owner";

--
-- Data for Name: game_scores; Type: TABLE DATA; Schema: public; Owner: skribbl-word_owner
--

COPY public.game_scores (id, user_id, game_mode, difficulty, score, survival_time_seconds, played_at) FROM stdin;
a2dc44da-d344-4f65-a310-0f8e12797474	eb5c3d47-bc56-4f8c-8c07-936eb672532c	TIME_ATTACK	EASY	190	\N	2025-06-10 22:49:39.640993+00
bcefe450-cb3d-4520-aba8-630299b5d430	eb5c3d47-bc56-4f8c-8c07-936eb672532c	SURVIVAL	EASY	95	\N	2025-06-10 22:54:39.066967+00
1e7d1d2c-89f3-476f-afa7-f1a11027bef2	eb5c3d47-bc56-4f8c-8c07-936eb672532c	TIME_ATTACK	RANDOM	384	\N	2025-06-10 23:34:59.922379+00
08a203b9-d8eb-443e-907a-047ce6f1646e	eb5c3d47-bc56-4f8c-8c07-936eb672532c	TIME_ATTACK	RANDOM	397	\N	2025-06-10 23:52:50.84235+00
96ddc425-a2e8-4cb1-8c97-1a5750d851e4	eb5c3d47-bc56-4f8c-8c07-936eb672532c	TIME_ATTACK	HARD	136	\N	2025-06-11 00:18:53.359163+00
01b2b185-bc89-4913-9f69-2e7e2a1a6368	d728bd44-6df7-4077-a8cb-6f0f9689c01b	SURVIVAL	EASY	30	\N	2025-06-12 08:43:41.804301+00
ea96b764-3c5b-4dcb-8004-d57aaeaf1d7c	d728bd44-6df7-4077-a8cb-6f0f9689c01b	SURVIVAL	EASY	1005	\N	2025-06-12 12:58:37.258653+00
0ed6f650-2f9d-4cd7-bb16-d6892e82c2fa	d728bd44-6df7-4077-a8cb-6f0f9689c01b	TIME_ATTACK	EASY	1749	\N	2025-06-12 13:01:02.783812+00
dc7251ea-cf43-417a-b1fb-3df7e220948f	d728bd44-6df7-4077-a8cb-6f0f9689c01b	SURVIVAL	MEDIUM	190	\N	2025-06-12 13:05:48.715255+00
fa05e93e-c401-461f-ab82-dae8af9bcdad	d728bd44-6df7-4077-a8cb-6f0f9689c01b	SURVIVAL	EASY	0	\N	2025-06-12 13:12:06.169387+00
a4104eb8-d00b-46e6-9984-9ed47d853568	d728bd44-6df7-4077-a8cb-6f0f9689c01b	SURVIVAL	HARD	105	\N	2025-06-12 13:32:57.63218+00
72df7db3-869a-4884-b476-9f008615e56b	d728bd44-6df7-4077-a8cb-6f0f9689c01b	SURVIVAL	HARD	265	\N	2025-06-12 13:37:09.950895+00
8d9e8e6e-ce1b-42eb-90a4-be99959a0875	d728bd44-6df7-4077-a8cb-6f0f9689c01b	SURVIVAL	HARD	0	\N	2025-06-12 13:39:07.859768+00
bc0c7b75-d950-4d52-a45d-f6963fd37af6	d728bd44-6df7-4077-a8cb-6f0f9689c01b	SURVIVAL	EASY	0	\N	2025-06-12 13:40:40.03662+00
a4caf072-7a81-4b68-9b80-8b21c8cf3abf	d728bd44-6df7-4077-a8cb-6f0f9689c01b	SURVIVAL	EASY	65	\N	2025-06-12 13:50:29.073749+00
c8290dbe-d0cb-46d0-b44e-ce38d6c60b50	d728bd44-6df7-4077-a8cb-6f0f9689c01b	SURVIVAL	MEDIUM	80	\N	2025-06-12 14:04:55.263763+00
6f599e5e-4a36-4a9b-bc31-d86468047c61	d728bd44-6df7-4077-a8cb-6f0f9689c01b	SURVIVAL	EASY	30	\N	2025-06-12 14:05:16.783932+00
de4545ae-9f51-4eea-869d-ab223e11acc0	d728bd44-6df7-4077-a8cb-6f0f9689c01b	SURVIVAL	EASY	30	\N	2025-06-12 14:12:50.862025+00
67b5a6b2-d43c-4fd2-a75b-8ad155f053c4	d728bd44-6df7-4077-a8cb-6f0f9689c01b	SURVIVAL	EASY	30	\N	2025-06-12 14:22:52.781589+00
bd772707-e7f6-4bab-bd8f-3ca42f8bad30	d728bd44-6df7-4077-a8cb-6f0f9689c01b	SURVIVAL	RANDOM	0	\N	2025-06-12 14:28:29.724688+00
55dfd61b-5cd8-4059-a441-1eb9eea3e7cb	d728bd44-6df7-4077-a8cb-6f0f9689c01b	TIME_ATTACK	RANDOM	161	\N	2025-06-12 14:33:47.814349+00
5a2f505b-b6f7-469a-91b9-c1b2ce67bc6a	d728bd44-6df7-4077-a8cb-6f0f9689c01b	SURVIVAL	EASY	105	\N	2025-06-12 14:38:39.390771+00
106edeb4-fa36-471a-b855-060ad358c0bd	d728bd44-6df7-4077-a8cb-6f0f9689c01b	TIME_ATTACK	RANDOM	247	\N	2025-06-12 14:41:24.354921+00
3b97d51f-7e97-4c9c-98f7-ac73b5df3f20	d728bd44-6df7-4077-a8cb-6f0f9689c01b	SURVIVAL	HARD	590	\N	2025-06-12 16:48:40.187998+00
7b3eef7d-d96e-4172-997e-d7d73d1c619b	d728bd44-6df7-4077-a8cb-6f0f9689c01b	TIME_ATTACK	RANDOM	249	\N	2025-06-15 18:18:41.23517+00
9dd9ee06-2444-4f3e-a8bf-5e7737124916	d728bd44-6df7-4077-a8cb-6f0f9689c01b	SURVIVAL	EASY	60	\N	2025-06-15 18:29:44.785847+00
1fa47ee4-92b4-4956-b45d-e89ecaf8fef0	d728bd44-6df7-4077-a8cb-6f0f9689c01b	TIME_ATTACK	EASY	0	\N	2025-06-15 18:48:05.247066+00
ec4ea4ce-fb8d-4fe5-b930-9e9b2ddb9600	d728bd44-6df7-4077-a8cb-6f0f9689c01b	TIME_ATTACK	EASY	486	\N	2025-06-15 18:51:05.144083+00
26759a7a-dbce-48d0-abb0-97b210b18f3b	d728bd44-6df7-4077-a8cb-6f0f9689c01b	SURVIVAL	EASY	30	\N	2025-06-15 21:01:05.480762+00
455a8ecd-c74a-4ee5-8723-b1931efb0869	d728bd44-6df7-4077-a8cb-6f0f9689c01b	SURVIVAL	EASY	30	\N	2025-06-15 21:05:15.297097+00
78c7dc56-af41-48b1-abe8-b7710d997045	d728bd44-6df7-4077-a8cb-6f0f9689c01b	SURVIVAL	EASY	60	\N	2025-06-15 22:02:52.299936+00
4843a074-0e96-4835-9604-5cf597bab112	d728bd44-6df7-4077-a8cb-6f0f9689c01b	TIME_ATTACK	EASY	255	\N	2025-06-15 22:12:38.681128+00
089c852a-e431-4773-a8f6-ded706575238	d728bd44-6df7-4077-a8cb-6f0f9689c01b	TIME_ATTACK	MEDIUM	218	\N	2025-06-15 22:40:53.538358+00
8f120f77-4e1e-4d87-9514-688f4b49f3e4	d728bd44-6df7-4077-a8cb-6f0f9689c01b	SURVIVAL	EASY	65	\N	2025-06-15 22:43:26.645043+00
\.


--
-- Data for Name: users; Type: TABLE DATA; Schema: public; Owner: skribbl-word_owner
--

COPY public.users (id, username, email, password_hash, role, created_at, updated_at) FROM stdin;
eb5c3d47-bc56-4f8c-8c07-936eb672532c	pemain_baru_007	baru007@email.com	$2a$10$QqcE1CMDSltjwiAJsx/eJ.x17nwidc45LjMSVplw7WxfzLJgrDhmi	ROLE_USER	2025-06-09 17:33:38.297872+00	\N
645684f0-be17-400c-aa63-13e25466244f	admin	admin1@mail.com	$2a$10$LJGvd9tAnM8ZuQdxWwiFEO/eq6drk9aQTWn0qT5CkAFh7SN2Kv6qW	ROLE_ADMIN	2025-06-10 17:30:35.467695+00	\N
d728bd44-6df7-4077-a8cb-6f0f9689c01b	shafwan.hasyim	testfe@mail.com	$2a$10$pYBK2i7mt2dQ0gKjuYKT2eFpm/a3WHBWg3KhNLAHAUfGtUntKdRtq	ROLE_USER	2025-06-12 07:19:45.995196+00	\N
\.


--
-- Data for Name: words; Type: TABLE DATA; Schema: public; Owner: skribbl-word_owner
--

COPY public.words (id, word, category, difficulty, image_url, created_at, updated_at) FROM stdin;
17d46bfc-3861-4fe5-8b96-e41c03466489	KUCING	HEWAN	EASY	https://placehold.co/600x400/orange/white?text=Kucing	2025-06-12 14:34:28.08307+00	\N
f65faa59-96f0-4544-8039-9f48873808d3	AYAM	HEWAN	EASY	https://placehold.co/600x400/grey/white?text=Ayam	2025-06-12 14:34:28.08307+00	\N
8948954d-f1ad-46f4-be47-8a6de8a790b6	IKAN	HEWAN	EASY	https://placehold.co/600x400/blue/white?text=Ikan	2025-06-12 14:34:28.08307+00	\N
18b3634a-1094-491f-99ad-030313b79815	SAPI	HEWAN	EASY	https://placehold.co/600x400/black/white?text=Sapi	2025-06-12 14:34:28.08307+00	\N
e065a91d-8474-40d0-919e-c141ce951bbc	GAJAH	HEWAN	MEDIUM	\N	2025-06-12 14:34:28.08307+00	\N
6e3db4e6-2537-450a-9ffd-d55d7d79d35c	HARIMAU	HEWAN	MEDIUM	\N	2025-06-12 14:34:28.08307+00	\N
9f5c0fbc-64c9-4c4a-8e10-2e3dd3af382d	BUAYA	HEWAN	MEDIUM	\N	2025-06-12 14:34:28.08307+00	\N
17b9eea0-f474-467b-895b-c7fbd742f243	KOMODO	HEWAN	HARD	\N	2025-06-12 14:34:28.08307+00	\N
3c294e7b-f1dc-4fb8-ba83-96fb793beb15	ORANGUTAN	HEWAN	HARD	\N	2025-06-12 14:34:28.08307+00	\N
8fcdfc68-b0b0-4545-bdf3-7f04deae8ea5	HIPOPOTAMUS	HEWAN	HARD	\N	2025-06-12 14:34:28.08307+00	\N
25e8af47-bc15-4040-a8b5-faff9112a5fb	APEL	BUAH	EASY	https://placehold.co/600x400/red/white?text=Apel	2025-06-12 14:34:28.08307+00	\N
7e07a146-476d-4e48-8f7a-91a36450c8a5	PISANG	BUAH	EASY	https://placehold.co/600x400/yellow/black?text=Pisang	2025-06-12 14:34:28.08307+00	\N
dc8b0dee-8a1e-4d48-ae05-bb016b1af486	JAMBU	BUAH	EASY	https://placehold.co/600x400/green/white?text=Jambu	2025-06-12 14:34:28.08307+00	\N
9fee04f2-da3a-4a80-9706-8b566698f8d3	MANGGA	BUAH	MEDIUM	\N	2025-06-12 14:34:28.08307+00	\N
e0154b38-2b25-4801-8b1c-6e6d218b1ee1	SEMANGKA	BUAH	MEDIUM	\N	2025-06-12 14:34:28.08307+00	\N
bc39b0d1-1b24-47ab-b4c1-9fc69ecdac83	STROBERI	BUAH	MEDIUM	\N	2025-06-12 14:34:28.08307+00	\N
b164b163-c3f3-4207-879f-07060da1d4b8	RAMBUTAN	BUAH	HARD	\N	2025-06-12 14:34:28.08307+00	\N
9eedb81a-372a-4d9d-ab7b-c667fba2fb80	DURIAN	BUAH	HARD	\N	2025-06-12 14:34:28.08307+00	\N
57911e83-7866-4e26-9e49-68b37a49bf59	KELENGKENG	BUAH	HARD	\N	2025-06-12 14:34:28.08307+00	\N
4f6ae44c-f667-4e8f-8680-1720261dac2a	SIRSAK	BUAH	HARD	\N	2025-06-12 14:34:28.08307+00	\N
1285e865-486e-40a4-a242-eee6df9c897a	MEJA	BENDA	EASY	https://placehold.co/600x400/tan/black?text=Meja	2025-06-12 14:34:28.08307+00	\N
1917f7cf-164d-4b71-be6a-80605ba13de8	BUKU	BENDA	EASY	https://placehold.co/600x400/blue/white?text=Buku	2025-06-12 14:34:28.08307+00	\N
af1c7e3b-b60a-4921-82c9-7b2900bdf3dc	PENSIL	BENDA	EASY	https://placehold.co/600x400/yellow/black?text=Pensil	2025-06-12 14:34:28.08307+00	\N
df54217f-bfbc-42c1-b5ef-0742ecdf3c01	MOBIL	BENDA	EASY	https://placehold.co/600x400/red/white?text=Mobil	2025-06-12 14:34:28.08307+00	\N
c330b2cb-be98-4ad3-9419-4ac8950e80ab	RUMAH	BENDA	EASY	https://placehold.co/600x400/brown/white?text=Rumah	2025-06-12 14:34:28.08307+00	\N
14d8a962-fb5f-4bf4-983d-73e291f6d102	JENDELA	BENDA	MEDIUM	\N	2025-06-12 14:34:28.08307+00	\N
48c7d8c1-7235-482b-95ea-2bbc451741fa	LEMARI	BENDA	MEDIUM	\N	2025-06-12 14:34:28.08307+00	\N
08d973b8-2652-4a49-b73f-e3f82081887a	KOMPUTER	BENDA	MEDIUM	\N	2025-06-12 14:34:28.08307+00	\N
8511a29f-7e7a-42a8-8368-5696a14ab2ab	SEPATU	BENDA	MEDIUM	\N	2025-06-12 14:34:28.08307+00	\N
2b60ddf3-5bef-44df-bd3e-f0f177f6dbea	TELEVISI	BENDA	HARD	\N	2025-06-12 14:34:28.08307+00	\N
476c65e4-a59a-4f32-88c9-2602fc9fc134	KULKAS	BENDA	HARD	\N	2025-06-12 14:34:28.08307+00	\N
00661e93-b589-4c8e-95e7-756e6ff6eb83	MESINCUCI	BENDA	HARD	\N	2025-06-12 14:34:28.08307+00	\N
d7a4bdab-8b4d-47a5-9372-173d2959778c	MIKROSKOP	BENDA	HARD	\N	2025-06-12 14:34:28.08307+00	\N
8464b512-d323-441e-a718-ff5e73400ed6	HELIKOPTER	BENDA	HARD	\N	2025-06-12 14:34:28.08307+00	\N
c3f71de8-fefe-4a3e-9ed3-80cce944560c	SEPEDAMOTOR	BENDA	HARD	\N	2025-06-12 14:34:28.08307+00	\N
d6f23c68-4e42-47de-a417-8b3d559f1654	SUNGAI	ALAM	EASY	https://placehold.co/600x400/cyan/white?text=Sungai	2025-06-12 14:34:28.08307+00	\N
714c3eac-02d2-44ce-b684-3ef2fa956dd3	LAUT	ALAM	EASY	https://placehold.co/600x400/blue/white?text=Laut	2025-06-12 14:34:28.08307+00	\N
879e8eae-644d-4310-aed8-4a5eacf90474	AWAN	ALAM	EASY	https://placehold.co/600x400/lightblue/black?text=Awan	2025-06-12 14:34:28.08307+00	\N
0fc23cf8-c821-4ea2-8c59-1a43189422e2	GUNUNG	ALAM	MEDIUM	\N	2025-06-12 14:34:28.08307+00	\N
e80ef84b-e3ba-423b-826f-63e997af30da	HUTAN	ALAM	MEDIUM	\N	2025-06-12 14:34:28.08307+00	\N
e77da1fc-d0ee-46e8-ab6c-1a88951a050b	PELANGI	ALAM	MEDIUM	\N	2025-06-12 14:34:28.08307+00	\N
bd4eeea4-6c01-400d-9b31-030d2f21c1c5	MATAHARI	ALAM	HARD	\N	2025-06-12 14:34:28.08307+00	\N
f17eef93-f587-4058-ad62-dd1fcb9646f8	SAMUDERA	ALAM	HARD	\N	2025-06-12 14:34:28.08307+00	\N
a16dba45-b60f-41ca-b082-4081cf0e8f4e	ATMOSFER	ALAM	HARD	\N	2025-06-12 14:34:28.08307+00	\N
c855f21c-2057-412e-a9c2-68b64650b2cb	GERHANA	ALAM	HARD	\N	2025-06-12 14:34:28.08307+00	\N
8116def7-8570-42f0-a941-4d6dcf87edcd	GURU	PROFESI	EASY	\N	2025-06-12 14:34:28.08307+00	\N
18bd792e-e09a-434b-804f-d803026b3c9d	DOKTER	PROFESI	EASY	\N	2025-06-12 14:34:28.08307+00	\N
b49a7bf9-1bab-424a-9cb7-7ef5249d757f	KOKI	PROFESI	EASY	\N	2025-06-12 14:34:28.08307+00	\N
67799811-dfd1-45e7-85f0-cf25d7b62742	POLISI	PROFESI	MEDIUM	\N	2025-06-12 14:34:28.08307+00	\N
f8fac691-3091-4a19-86c6-2f827cf6a19b	PILOT	PROFESI	MEDIUM	\N	2025-06-12 14:34:28.08307+00	\N
ecf55377-4cbe-49cb-91eb-5685eee87726	PENULIS	PROFESI	MEDIUM	\N	2025-06-12 14:34:28.08307+00	\N
241efc2b-fe3f-4911-9ec9-402563db7992	PELUKIS	PROFESI	MEDIUM	\N	2025-06-12 14:34:28.08307+00	\N
66e5ecd4-5ff7-4268-8806-322a05903c7c	ARSITEK	PROFESI	HARD	\N	2025-06-12 14:34:28.08307+00	\N
f3b437f5-17f8-44b1-b1d5-ea91144bb3d6	ASTRONOT	PROFESI	HARD	\N	2025-06-12 14:34:28.08307+00	\N
725b3199-53f3-4fba-b656-ed3d9770d870	ILMUWAN	PROFESI	HARD	\N	2025-06-12 14:34:28.08307+00	\N
8c811684-0ede-450b-8291-f112b2b96d59	CINA	NEGARA	EASY	\N	2025-06-12 14:34:28.08307+00	\N
96cb958a-2ba4-421c-a4de-1c10fa75d932	INDIA	NEGARA	EASY	\N	2025-06-12 14:34:28.08307+00	\N
51696cde-e022-4874-8478-513026af9122	JEPANG	NEGARA	EASY	\N	2025-06-12 14:34:28.08307+00	\N
6540751c-a966-49a4-a625-ca86b8ff4942	KANADA	NEGARA	MEDIUM	\N	2025-06-12 14:34:28.08307+00	\N
409d139d-25ec-468e-a6ef-47623ef18215	PRANCIS	NEGARA	MEDIUM	\N	2025-06-12 14:34:28.08307+00	\N
c7b0e214-2905-404e-94f6-955938e3f3d1	JERMAN	NEGARA	MEDIUM	\N	2025-06-12 14:34:28.08307+00	\N
f0a3b5da-ac4a-4347-bc3d-756f46c8215c	INDONESIA	NEGARA	HARD	\N	2025-06-12 14:34:28.08307+00	\N
40a1e3df-9ca4-45a9-b67e-69bf0aa144d0	AUSTRALIA	NEGARA	HARD	\N	2025-06-12 14:34:28.08307+00	\N
720ff1af-2df1-42eb-8388-1f895446e6f9	AMERIKA	NEGARA	HARD	\N	2025-06-12 14:34:28.08307+00	\N
959c64e6-6e73-4312-b5eb-c3393bb8ad84	BRASIL	NEGARA	HARD	\N	2025-06-12 14:34:28.08307+00	\N
7c003701-432a-4a18-a6dd-046bcc67fc7b	ATOM	SAINS	EASY	\N	2025-06-12 14:34:28.08307+00	\N
a10849ad-5786-4e31-a47f-665908e60c52	GEN	SAINS	EASY	\N	2025-06-12 14:34:28.08307+00	\N
c15ecfde-c47d-4a4a-b06b-3642c8303b6f	KIMIA	SAINS	MEDIUM	\N	2025-06-12 14:34:28.08307+00	\N
03b758d2-f617-49d4-97d7-4c4c72ec86f3	FISIKA	SAINS	MEDIUM	\N	2025-06-12 14:34:28.08307+00	\N
654e49fe-0ce3-4805-abcc-2d4ac25b01fe	BIOLOGI	SAINS	MEDIUM	\N	2025-06-12 14:34:28.08307+00	\N
f8fb8422-0caf-4fbb-b88b-5f7aad2725f8	GRAVITASI	SAINS	HARD	\N	2025-06-12 14:34:28.08307+00	\N
72f7600f-2d8f-4f81-8546-6ace73883b5c	FOTOSINTESIS	SAINS	HARD	\N	2025-06-12 14:34:28.08307+00	\N
ade2028a-f658-4816-8614-06e0b501fd48	EVOLUSI	SAINS	HARD	\N	2025-06-12 14:34:28.08307+00	\N
b7c5adc8-6571-4722-8d79-bc033cd04bc9	ASTRONOMI	SAINS	HARD	\N	2025-06-12 14:34:28.08307+00	\N
11c2a98a-3b7e-450f-bbd3-58771e177af7	GEOLOGI	SAINS	HARD	\N	2025-06-12 14:34:28.08307+00	\N
b49d4b87-45e2-4a4f-8bde-c26f4164fadc	BOLA	OLAHRAGA	EASY	\N	2025-06-12 14:34:28.08307+00	\N
819ac106-3fa6-4471-9242-e15ff8c2e4b2	GOLF	OLAHRAGA	EASY	\N	2025-06-12 14:34:28.08307+00	\N
87a9c28f-dd28-4c8c-bfed-66796ae64a15	RENANG	OLAHRAGA	MEDIUM	\N	2025-06-12 14:34:28.08307+00	\N
54e8b9ca-6895-427c-917a-dd4ada138965	SEPAK	OLAHRAGA	MEDIUM	\N	2025-06-12 14:34:28.08307+00	\N
fd89769d-81c5-417d-a001-8c71ef6408be	BASKET	OLAHRAGA	MEDIUM	\N	2025-06-12 14:34:28.08307+00	\N
4e4e2fcd-46c2-42cd-ae2f-e94e29c44694	TENIS	OLAHRAGA	MEDIUM	\N	2025-06-12 14:34:28.08307+00	\N
fdb3b529-3399-45b1-9723-c849792b31f6	BULUTANGKIS	OLAHRAGA	HARD	\N	2025-06-12 14:34:28.08307+00	\N
c415598e-a212-4f96-a793-d2e3b041da4f	SEPATURODA	OLAHRAGA	HARD	\N	2025-06-12 14:34:28.08307+00	\N
5c96d420-b4f6-431d-95f7-ea6c2c7a9662	PANAHAN	OLAHRAGA	HARD	\N	2025-06-12 14:34:28.08307+00	\N
601e132f-a71a-4b2c-89bc-810739124eee	ANGKATBESI	OLAHRAGA	HARD	\N	2025-06-12 14:34:28.08307+00	\N
d15b8676-6ae5-4da5-aa99-ad9129f94c20	NASI	MAKANAN	EASY	\N	2025-06-12 14:34:28.08307+00	\N
3d4e08da-93c4-4266-a88c-7bc712ea98fb	ROTI	MAKANAN	EASY	\N	2025-06-12 14:34:28.08307+00	\N
5843ee7f-fdde-42f5-9a68-5c54453166b2	SUSU	MAKANAN	EASY	\N	2025-06-12 14:34:28.08307+00	\N
fe53842a-af48-4acf-b704-d9526e82cb55	SATE	MAKANAN	MEDIUM	\N	2025-06-12 14:34:28.08307+00	\N
fbd3b310-760b-49ba-a68e-c29cf6efc9e8	BAKSO	MAKANAN	MEDIUM	\N	2025-06-12 14:34:28.08307+00	\N
58a09c4d-cc55-4bd1-8404-2080ec1e0d93	GADO-GADO	MAKANAN	MEDIUM	\N	2025-06-12 14:34:28.08307+00	\N
4c3a9908-025e-469d-9315-302baa11938d	RENDANG	MAKANAN	HARD	\N	2025-06-12 14:34:28.08307+00	\N
5c3a441c-0668-4587-ba8e-6bf62f809236	OPORAYAM	MAKANAN	HARD	\N	2025-06-12 14:34:28.08307+00	\N
88468452-334b-42eb-bdad-30af1e519a32	SOTOBABAT	MAKANAN	HARD	\N	2025-06-12 14:34:28.08307+00	\N
ea8b5b4c-ee44-4c8a-8fc5-854b2c847895	MARTABAK	MAKANAN	HARD	\N	2025-06-12 14:34:28.08307+00	\N
033702f6-aa35-472b-8310-904edd7f097d	GITAR	MUSIK	EASY	\N	2025-06-12 14:34:28.08307+00	\N
07bf6430-bcc4-48e9-b92d-9bef4885ad44	PIANO	MUSIK	EASY	\N	2025-06-12 14:34:28.08307+00	\N
0595bf51-0f28-410b-96dc-242b6ec8c47a	BIOLA	MUSIK	MEDIUM	\N	2025-06-12 14:34:28.08307+00	\N
fd2175b6-44ae-4836-bb45-2e6a94c65a7f	DRUM	MUSIK	MEDIUM	\N	2025-06-12 14:34:28.08307+00	\N
2f1f8644-6626-402b-b446-a46279991157	SAKSOFON	MUSIK	HARD	\N	2025-06-12 14:34:28.08307+00	\N
6a3e94df-d929-4b25-a89f-32eb0252f159	JAKARTA	KOTA	MEDIUM	\N	2025-06-12 14:55:37.081607+00	\N
54c3698f-9d82-43ae-91e8-d7610e403027	SURABAYA	KOTA	MEDIUM	\N	2025-06-12 14:55:37.081607+00	\N
090ca2c6-3b58-4a09-9c14-dd5dc6e9ddfb	BANDUNG	KOTA	MEDIUM	\N	2025-06-12 14:55:37.081607+00	\N
60118f39-cca5-4f5b-b604-95f801c772d1	MEDAN	KOTA	EASY	\N	2025-06-12 14:55:37.081607+00	\N
553e5ceb-83c5-4b4f-80a5-b722a208e34b	BEKASI	KOTA	MEDIUM	\N	2025-06-12 14:55:37.081607+00	\N
f6cd4955-fa1b-4071-98f4-1c4c825c4d08	DEPOK	KOTA	EASY	\N	2025-06-12 14:55:37.081607+00	\N
2dbcee3b-f8ff-4864-90eb-78511350190d	TANGERANG	KOTA	MEDIUM	\N	2025-06-12 14:55:37.081607+00	\N
1ddfaf50-63d1-4391-88fe-c39c98aa893e	PALEMBANG	KOTA	MEDIUM	\N	2025-06-12 14:55:37.081607+00	\N
b7a6df9e-e4ea-42dc-b657-36318de52746	MAKASSAR	KOTA	MEDIUM	\N	2025-06-12 14:55:37.081607+00	\N
ef7360cf-f3f6-4897-99c5-0bd958ddf2d0	SEMARANG	KOTA	MEDIUM	\N	2025-06-12 14:55:37.081607+00	\N
4e05c73b-cb1a-44d3-8d0a-5c57a6bfc170	BATAM	KOTA	EASY	\N	2025-06-12 14:55:37.081607+00	\N
0b2bac8e-7b2c-49b0-9f16-effe1599fcf6	BOGOR	KOTA	EASY	\N	2025-06-12 14:55:37.081607+00	\N
1b93b21c-c6d3-47ca-98d8-f01160d20568	PEKANBARU	KOTA	HARD	\N	2025-06-12 14:55:37.081607+00	\N
9cd60c22-a4d0-4180-80a9-4624e66b47f7	MALANG	KOTA	MEDIUM	\N	2025-06-12 14:55:37.081607+00	\N
bd4ca7fa-c8d5-47b4-9be2-f9bb4e6070cf	PADANG	KOTA	EASY	\N	2025-06-12 14:55:37.081607+00	\N
7f0f590f-f000-48fb-ad41-4541f433a69d	DENPASAR	KOTA	MEDIUM	\N	2025-06-12 14:55:37.081607+00	\N
4fa44676-6904-4fef-81b8-e3936904ff7f	SAMARINDA	KOTA	HARD	\N	2025-06-12 14:55:37.081607+00	\N
e7733277-177c-4eed-98d4-36dbce0a36e9	BANJARMASIN	KOTA	HARD	\N	2025-06-12 14:55:37.081607+00	\N
612c7129-285e-450c-a61c-c313ed9a5b3c	TASIKMALAYA	KOTA	HARD	\N	2025-06-12 14:55:37.081607+00	\N
6dc9ef13-160a-4d7c-978c-61532d3aea1e	PONTIANAK	KOTA	HARD	\N	2025-06-12 14:55:37.081607+00	\N
4602694f-e37f-4e3d-be58-f0b2b78da96f	BALIKPAPAN	KOTA	HARD	\N	2025-06-12 14:55:37.081607+00	\N
9184d244-e0a2-45db-a4c5-5fbcc4a8e728	JAMBI	KOTA	EASY	\N	2025-06-12 14:55:37.081607+00	\N
95920cbf-51ff-4f77-ac45-09f20737cdba	SURAKARTA	KOTA	HARD	\N	2025-06-12 14:55:37.081607+00	\N
8e652234-e121-463e-8fc3-192c41ca0766	MATARAM	KOTA	MEDIUM	\N	2025-06-12 14:55:37.081607+00	\N
a1990bcc-538b-478d-b401-9ba3bf2901e9	MANADO	KOTA	MEDIUM	\N	2025-06-12 14:55:37.081607+00	\N
5943c643-9877-4c4a-80e1-89932b7d3254	YOGYAKARTA	KOTA	HARD	\N	2025-06-12 14:55:37.081607+00	\N
0da5064d-2210-4b41-93b6-bde89cab8bfa	CILEGON	KOTA	MEDIUM	\N	2025-06-12 14:55:37.081607+00	\N
d46befa2-af2b-4b40-9fae-37d3e695bc0e	KUPANG	KOTA	EASY	\N	2025-06-12 14:55:37.081607+00	\N
b7e3a9f0-f716-4ffe-a07a-04e57805a536	AMBON	KOTA	EASY	\N	2025-06-12 14:55:37.081607+00	\N
0bd527b5-c83b-4f52-af5f-96f57a920709	CIREBON	KOTA	MEDIUM	\N	2025-06-12 14:55:37.081607+00	\N
f8720adf-46b0-469b-bb7e-ba1ddd501318	BENGKULU	KOTA	MEDIUM	\N	2025-06-12 14:55:37.081607+00	\N
8dda8a63-887e-490e-96a1-bea3092ca5ef	PALU	KOTA	EASY	\N	2025-06-12 14:55:37.081607+00	\N
44c33e2c-38dc-4deb-a9ff-acd5959ad66c	KENDARI	KOTA	MEDIUM	\N	2025-06-12 14:55:37.081607+00	\N
79a08db0-82e5-49c9-88ea-9d3156367a22	SUKABUMI	KOTA	HARD	\N	2025-06-12 14:55:37.081607+00	\N
9a10d082-8a07-4e0b-81f0-d1ba7182d00c	JAYAPURA	KOTA	HARD	\N	2025-06-12 14:55:37.081607+00	\N
7e1807d1-853b-4011-997c-70b05ae2ba32	PEKALONGAN	KOTA	HARD	\N	2025-06-12 14:55:37.081607+00	\N
68d4ee89-53cc-40c4-b373-1e06af19f91c	DUMAI	KOTA	EASY	\N	2025-06-12 14:55:37.081607+00	\N
9c12a17a-b5c5-49f7-a80a-1197ce67ab3a	PALANGKARAYA	KOTA	HARD	\N	2025-06-12 14:55:37.081607+00	\N
3ef26e2f-1a4c-4d77-9256-7d7b359df95c	LHOKSEUMAWE	KOTA	HARD	\N	2025-06-12 14:55:37.081607+00	\N
3a25d0c1-669b-4dde-9898-4753d425ea5c	SALATIGA	KOTA	HARD	\N	2025-06-12 14:55:37.081607+00	\N
83654f9a-a82d-41a7-94c3-5ab3b01158ea	PROBOLINGGO	KOTA	HARD	\N	2025-06-12 14:55:37.081607+00	\N
a4cfd506-a0a5-4938-b741-432ff2232672	BANJARBARU	KOTA	HARD	\N	2025-06-12 14:55:37.081607+00	\N
8d23521e-51b7-47d9-915f-b149ce5dfe29	TERNATE	KOTA	MEDIUM	\N	2025-06-12 14:55:37.081607+00	\N
2189cd7e-0c41-4a40-ac91-edace7a39c42	TANJUNGPINANG	KOTA	HARD	\N	2025-06-12 14:55:37.081607+00	\N
fb68487a-1057-408f-9fb2-23947386a22d	GORONTALO	KOTA	HARD	\N	2025-06-12 14:55:37.081607+00	\N
03c46075-5b65-4c78-9d34-4ab66c011e46	MADIUN	KOTA	MEDIUM	\N	2025-06-12 14:55:37.081607+00	\N
aacbd8c3-d908-4d20-8ae9-20cc48329f75	PASURUAN	KOTA	HARD	\N	2025-06-12 14:55:37.081607+00	\N
b78157cd-b2f7-4f61-87da-5f0f57a7181c	BITUNG	KOTA	MEDIUM	\N	2025-06-12 14:55:37.081607+00	\N
4179a112-3d73-4a76-8cb2-8b1bdb463f15	PANGKALPINANG	KOTA	HARD	\N	2025-06-12 14:55:37.081607+00	\N
ab669a0e-d752-49a8-92c3-a9621a96ec34	BLITAR	KOTA	MEDIUM	\N	2025-06-12 14:55:37.081607+00	\N
321f049d-65d1-4261-bf80-fb2a329ae37c	ALGORITMA	TEKNOLOGI	HARD	\N	2025-06-12 14:55:37.081607+00	\N
3e23ecee-0af0-412c-8f04-543130a9676a	JARINGAN	TEKNOLOGI	MEDIUM	\N	2025-06-12 14:55:37.081607+00	\N
9fdc3f53-3716-4e7c-9593-5b079d9e63f9	PERANGKATLUNAK	TEKNOLOGI	HARD	\N	2025-06-12 14:55:37.081607+00	\N
47b4ad75-b3ae-4da9-bfaa-ff79d7f3b165	KECERDASAN	TEKNOLOGI	HARD	\N	2025-06-12 14:55:37.081607+00	\N
a57ccd63-444a-4e2f-98b5-efa372558a56	KOMPILASI	TEKNOLOGI	HARD	\N	2025-06-12 14:55:37.081607+00	\N
37239e51-8af8-48dd-a0ce-40370cf74f2c	DATABASE	TEKNOLOGI	MEDIUM	\N	2025-06-12 14:55:37.081607+00	\N
72f05028-c810-44d3-bb80-f8e1891a90c1	SERVER	TEKNOLOGI	MEDIUM	\N	2025-06-12 14:55:37.081607+00	\N
e4b8765f-82be-4834-8137-cd208762a4ec	KLIEN	TEKNOLOGI	MEDIUM	\N	2025-06-12 14:55:37.081607+00	\N
ae3cfdeb-196d-4229-b546-5495c7f6031b	SISTEM	TEKNOLOGI	MEDIUM	\N	2025-06-12 14:55:37.081607+00	\N
e9999e93-4917-4356-8b87-a2252ed018ca	OPERASI	TEKNOLOGI	MEDIUM	\N	2025-06-12 14:55:37.081607+00	\N
35fd4469-213d-4f19-a9ca-204dd2beb9fa	PROTOKOL	TEKNOLOGI	HARD	\N	2025-06-12 14:55:37.081607+00	\N
79b17276-1f57-4ff1-95e5-dabca97de925	FIREWALL	TEKNOLOGI	HARD	\N	2025-06-12 14:55:37.081607+00	\N
dda24162-37c8-4544-8674-a149d99558ee	ENKRIPSI	TEKNOLOGI	HARD	\N	2025-06-12 14:55:37.081607+00	\N
272c3ba9-29d6-4a73-9801-4db793963574	DEKRIPSI	TEKNOLOGI	HARD	\N	2025-06-12 14:55:37.081607+00	\N
5cb402d8-460f-44a3-9a33-624ee91190e1	FRAMEWORK	TEKNOLOGI	HARD	\N	2025-06-12 14:55:37.081607+00	\N
b6bd0827-2466-4683-946b-0b9fe925104b	LIBRARY	TEKNOLOGI	MEDIUM	\N	2025-06-12 14:55:37.081607+00	\N
4396f8c7-d0fd-4461-899d-42eb3a019287	VIRTUAL	TEKNOLOGI	MEDIUM	\N	2025-06-12 14:55:37.081607+00	\N
c1d2ea94-ed1a-4d57-9b85-62172afff2ec	REALITAS	TEKNOLOGI	MEDIUM	\N	2025-06-12 14:55:37.081607+00	\N
e135f8e5-4f29-438f-ad89-a86d1136a881	AUGMENTED	TEKNOLOGI	HARD	\N	2025-06-12 14:55:37.081607+00	\N
41f03435-a0b5-4201-bbab-160d5efea94e	BLOCKCHAIN	TEKNOLOGI	HARD	\N	2025-06-12 14:55:37.081607+00	\N
0afb3555-8dd8-46b5-9ca7-c6c431196b12	CLOUD	TEKNOLOGI	EASY	\N	2025-06-12 14:55:37.081607+00	\N
ce2a8478-8bf3-4465-9abf-20a01857b964	STREAMING	TEKNOLOGI	MEDIUM	\N	2025-06-12 14:55:37.081607+00	\N
3ca92236-9b0b-447c-8b6c-83c96cb61b8d	KABEL	TEKNOLOGI	EASY	\N	2025-06-12 14:55:37.081607+00	\N
b92b2bad-cddd-4b69-9db3-652f11d3a495	ROUTER	TEKNOLOGI	MEDIUM	\N	2025-06-12 14:55:37.081607+00	\N
f27d0772-22b0-4108-b6bb-98ed2f9aa852	SWITCH	TEKNOLOGI	EASY	\N	2025-06-12 14:55:37.081607+00	\N
31c6789a-347c-46a2-ae01-6577d6add183	DOMAIN	TEKNOLOGI	EASY	\N	2025-06-12 14:55:37.081607+00	\N
cc9122c1-de9a-46bf-81a6-2f0442f5cd62	HOSTING	TEKNOLOGI	MEDIUM	\N	2025-06-12 14:55:37.081607+00	\N
32ae2b02-7518-4db7-9959-0d788a494df4	BANDWIDTH	TEKNOLOGI	HARD	\N	2025-06-12 14:55:37.081607+00	\N
6f4d777f-e8ad-45de-a8b4-34fcbdb5560a	CACHE	TEKNOLOGI	EASY	\N	2025-06-12 14:55:37.081607+00	\N
977577cc-498e-491e-a455-067f25527ad1	COOKIE	TEKNOLOGI	EASY	\N	2025-06-12 14:55:37.081607+00	\N
27c06a26-fedc-4218-9887-a953670aef05	PIXEL	TEKNOLOGI	EASY	\N	2025-06-12 14:55:37.081607+00	\N
92eac856-76b9-4d0a-a5cc-dc14b93d3b18	RESOLUSI	TEKNOLOGI	HARD	\N	2025-06-12 14:55:37.081607+00	\N
422ca323-125b-48ff-85b4-ee3f7e44e461	INTERFACE	TEKNOLOGI	HARD	\N	2025-06-12 14:55:37.081607+00	\N
bdea4145-b24d-4024-b10e-c9e5784e7e18	PENGGUNA	TEKNOLOGI	MEDIUM	\N	2025-06-12 14:55:37.081607+00	\N
5f35dbed-7768-4e71-a3db-d4aa3c207a52	KERNEL	TEKNOLOGI	MEDIUM	\N	2025-06-12 14:55:37.081607+00	\N
85ccbe95-c581-415f-b9b0-9871acf3200b	MOTHERBOARD	TEKNOLOGI	HARD	\N	2025-06-12 14:55:37.081607+00	\N
dccc18aa-cc1e-452b-8a6a-8e2fb7ce5bb5	PROSESOR	TEKNOLOGI	HARD	\N	2025-06-12 14:55:37.081607+00	\N
bc84bc9d-e123-4426-b057-f85ec65e0ad5	MEMORI	TEKNOLOGI	MEDIUM	\N	2025-06-12 14:55:37.081607+00	\N
b899ceb3-d4d9-4cfa-ad09-fbccaf0bb999	KEYBOARD	TEKNOLOGI	MEDIUM	\N	2025-06-12 14:55:37.081607+00	\N
6073ec2c-2ba9-4dcc-aae0-4da7e813812a	MOUSE	TEKNOLOGI	EASY	\N	2025-06-12 14:55:37.081607+00	\N
4dc10e53-e75a-4f30-b3ca-a27ebb48e709	MONITOR	TEKNOLOGI	MEDIUM	\N	2025-06-12 14:55:37.081607+00	\N
b4f71f26-c847-4556-a9e6-c250ab22be40	PRINTER	TEKNOLOGI	MEDIUM	\N	2025-06-12 14:55:37.081607+00	\N
84180cbe-5476-4ed5-bff6-a2d5bb6f7134	SCANNER	TEKNOLOGI	MEDIUM	\N	2025-06-12 14:55:37.081607+00	\N
2454ea93-d485-426a-a0a5-5450d26cbc09	KECERDASANBUATAN	TEKNOLOGI	HARD	\N	2025-06-12 14:55:37.081607+00	\N
8d9f032d-39d8-4d4f-a357-992f01937c21	MACHINELEARNING	TEKNOLOGI	HARD	\N	2025-06-12 14:55:37.081607+00	\N
e834b3a9-f464-4440-a89a-f1d5c8a1bdef	DEEPLEARNING	TEKNOLOGI	HARD	\N	2025-06-12 14:55:37.081607+00	\N
01b1df33-e3b9-4b66-a77c-e90f648b905f	ROBOTIKA	TEKNOLOGI	HARD	\N	2025-06-12 14:55:37.081607+00	\N
9457d2e9-41ab-42cf-a191-0d5b9c7a04d4	OTOMASI	TEKNOLOGI	HARD	\N	2025-06-12 14:55:37.081607+00	\N
8ec6773b-6355-4fbd-a009-bf5dfa859cfa	DRONE	TEKNOLOGI	EASY	\N	2025-06-12 14:55:37.081607+00	\N
34257e12-645c-4eef-ae82-d1aeb5b49bee	BAHAGIA	SIFAT	MEDIUM	\N	2025-06-12 14:55:37.081607+00	\N
f34b55fc-99b5-49d8-8eb3-60088b1a9c52	SEDIH	SIFAT	EASY	\N	2025-06-12 14:55:37.081607+00	\N
9e9c3fdd-3da1-41ad-b70a-ec91a7d4d862	MARAH	SIFAT	EASY	\N	2025-06-12 14:55:37.081607+00	\N
5baccdb1-3eea-43ff-956b-f23d215b4722	TAKUT	SIFAT	EASY	\N	2025-06-12 14:55:37.081607+00	\N
2cec8f9e-48dd-4482-b89d-3946c3e48638	CEMAS	SIFAT	EASY	\N	2025-06-12 14:55:37.081607+00	\N
67b9717f-6e74-4164-8fbc-28ac6ef27d88	TENANG	SIFAT	EASY	\N	2025-06-12 14:55:37.081607+00	\N
a915e5ce-cbf4-4171-8824-84493256ad46	RAMAI	SIFAT	EASY	\N	2025-06-12 14:55:37.081607+00	\N
7f15029f-ebb3-4bef-aaa8-cda62c310495	SEPI	SIFAT	EASY	\N	2025-06-12 14:55:37.081607+00	\N
256f338f-272a-4de8-bb7c-52bbfb8dd65c	PINTAR	SIFAT	MEDIUM	\N	2025-06-12 14:55:37.081607+00	\N
428e0d06-e3dd-4e6a-8475-92ace6499442	BODOH	SIFAT	EASY	\N	2025-06-12 14:55:37.081607+00	\N
c2bb6897-ff63-4be1-ae00-98317ef66ebc	RAJIN	SIFAT	EASY	\N	2025-06-12 14:55:37.081607+00	\N
6420e7ea-ae8b-4474-8a27-cb081e6b1749	MALAS	SIFAT	EASY	\N	2025-06-12 14:55:37.081607+00	\N
b0ffa298-8504-4dd1-9794-65eda29864d1	JUJUR	SIFAT	EASY	\N	2025-06-12 14:55:37.081607+00	\N
62a8a069-4029-4751-be8e-4a1ca5aa2d83	BOHONG	SIFAT	EASY	\N	2025-06-12 14:55:37.081607+00	\N
746e524d-6727-403a-89fb-9f576fd62387	SABAR	SIFAT	EASY	\N	2025-06-12 14:55:37.081607+00	\N
97d911a9-4465-45e9-8068-1982c6a43ad2	CEROBOH	SIFAT	MEDIUM	\N	2025-06-12 14:55:37.081607+00	\N
74359a13-0c1e-4ffa-a4a0-dd9ac919f434	TELITI	SIFAT	MEDIUM	\N	2025-06-12 14:55:37.081607+00	\N
f5102463-b1ba-405e-84a6-916057f976f2	KUAT	SIFAT	EASY	\N	2025-06-12 14:55:37.081607+00	\N
40983e28-d1b8-421d-901b-f37fb2bb9e86	LEMAH	SIFAT	EASY	\N	2025-06-12 14:55:37.081607+00	\N
414755fd-dee3-4e57-9a80-2c89419a964c	CEPAT	SIFAT	EASY	\N	2025-06-12 14:55:37.081607+00	\N
93d08c45-c3d4-40c5-8404-07ac56046930	LAMBAT	SIFAT	EASY	\N	2025-06-12 14:55:37.081607+00	\N
c63651b9-7ace-4dce-9b0c-c63579aad562	BERANI	SIFAT	MEDIUM	\N	2025-06-12 14:55:37.081607+00	\N
5d929fb7-16cd-405e-9f7e-18ce5febd5d6	PENAKUT	SIFAT	MEDIUM	\N	2025-06-12 14:55:37.081607+00	\N
4686c0d2-563b-4a51-95de-ad1ca0619e2a	SETIA	SIFAT	EASY	\N	2025-06-12 14:55:37.081607+00	\N
879092e4-62a3-40be-8a00-f92365d4f8f0	CURANG	SIFAT	MEDIUM	\N	2025-06-12 14:55:37.081607+00	\N
47ceac5d-b75a-4daf-8987-b29610eb7c7e	SOMBONG	SIFAT	MEDIUM	\N	2025-06-12 14:55:37.081607+00	\N
620fdff8-28d1-482f-8696-a45d269dcc35	RENDAHHATI	SIFAT	HARD	\N	2025-06-12 14:55:37.081607+00	\N
c00645eb-3bc9-4ea6-ac0f-57fd2e49f2e5	DERMAWAN	SIFAT	HARD	\N	2025-06-12 14:55:37.081607+00	\N
341a0f1d-404b-44c1-a22f-978ab6f6096d	PELIT	SIFAT	EASY	\N	2025-06-12 14:55:37.081607+00	\N
8d6af1ba-4af1-4e0d-aa1e-1957afae0443	BAIK	SIFAT	EASY	\N	2025-06-12 14:55:37.081607+00	\N
2cb92b52-d540-4f5c-8904-4d0dbe743395	JAHAT	SIFAT	EASY	\N	2025-06-12 14:55:37.081607+00	\N
b292d9ff-f392-48a4-9f43-fff4859db6ca	SOPAN	SIFAT	EASY	\N	2025-06-12 14:55:37.081607+00	\N
80282c30-9ce1-4001-a0de-09519d49207d	KASAR	SIFAT	EASY	\N	2025-06-12 14:55:37.081607+00	\N
3f21f81f-35a5-4771-9b1b-23162117f7cc	GEMBIRA	SIFAT	MEDIUM	\N	2025-06-12 14:55:37.081607+00	\N
2bf0309a-0e82-4ee2-a084-5dfb7d7e1713	PUTUSASA	SIFAT	HARD	\N	2025-06-12 14:55:37.081607+00	\N
d2a7f3aa-6048-4a7b-afa5-ef74aadb093b	OPTIMIS	SIFAT	MEDIUM	\N	2025-06-12 14:55:37.081607+00	\N
87fda12a-7536-4d1f-9501-fe22c0f11643	PESIMIS	SIFAT	MEDIUM	\N	2025-06-12 14:55:37.081607+00	\N
5a912c19-2508-4484-b049-22d24666248e	KREATIF	SIFAT	MEDIUM	\N	2025-06-12 14:55:37.081607+00	\N
aef5169d-1ef7-4078-a278-8bb0f70b72a0	INOVATIF	SIFAT	HARD	\N	2025-06-12 14:55:37.081607+00	\N
6079e6f0-2d2f-4acc-88a0-bf1db7e6433a	KONSISTEN	SIFAT	HARD	\N	2025-06-12 14:55:37.081607+00	\N
cbc5626d-477e-48e6-86f0-c1dd12deb641	FLEKSIBEL	SIFAT	HARD	\N	2025-06-12 14:55:37.081607+00	\N
329eb60a-42b9-48e0-8ec1-f6253e050a83	KIKUK	SIFAT	EASY	\N	2025-06-12 14:55:37.081607+00	\N
3109e53f-c59e-4592-ab78-d308db830b47	ANGGUN	SIFAT	EASY	\N	2025-06-12 14:55:37.081607+00	\N
828576ed-dad6-4dfe-aaad-e13275d7dfcb	BIJAKSANA	SIFAT	HARD	\N	2025-06-12 14:55:37.081607+00	\N
5dc7e697-d4f8-4027-9925-e00b25bc1760	CERDIK	SIFAT	MEDIUM	\N	2025-06-12 14:55:37.081607+00	\N
0b6b5e4c-a84b-4531-9291-82fdea27e2ca	LICIK	SIFAT	EASY	\N	2025-06-12 14:55:37.081607+00	\N
2cb7a260-c597-43d3-a48c-e7977588212b	TULUS	SIFAT	EASY	\N	2025-06-12 14:55:37.081607+00	\N
e5cf5cbf-8166-4067-9100-850172194a05	IKHLAS	SIFAT	EASY	\N	2025-06-12 14:55:37.081607+00	\N
0b8370fb-902d-4591-a0ec-f0989b07ad17	DEWASA	SIFAT	MEDIUM	\N	2025-06-12 14:55:37.081607+00	\N
3422addb-d56a-4502-a953-f932e1f89061	KESEMPATAN	UMUM	HARD	\N	2025-06-12 14:55:37.081607+00	\N
74dd5596-8a69-41b3-8c65-ed14e255f513	PENGALAMAN	UMUM	HARD	\N	2025-06-12 14:55:37.081607+00	\N
d9035460-6dd7-42bb-9563-0f6f87f4bdb5	KEMAMPUAN	UMUM	HARD	\N	2025-06-12 14:55:37.081607+00	\N
8a423627-9d11-4909-a3ca-c6cb499633b2	KEBIJAKAN	UMUM	HARD	\N	2025-06-12 14:55:37.081607+00	\N
2a485510-8be0-4194-8311-ea1afccdfb0f	PEMERINTAH	UMUM	HARD	\N	2025-06-12 14:55:37.081607+00	\N
bed6b64b-6e3f-445a-8b94-cfb04566de5b	MASYARAKAT	UMUM	HARD	\N	2025-06-12 14:55:37.081607+00	\N
69908eb3-8d46-43a9-8e0b-552bc3bb79bd	PENDIDIKAN	UMUM	HARD	\N	2025-06-12 14:55:37.081607+00	\N
fc4dcdc9-a7b8-4c55-9f14-0debc680f329	KESEHATAN	UMUM	HARD	\N	2025-06-12 14:55:37.081607+00	\N
c1fc9411-2601-4ec8-a6d5-cfd3ebba303c	LINGKUNGAN	UMUM	HARD	\N	2025-06-12 14:55:37.081607+00	\N
f9b199c0-d943-440d-a1d4-3a99cae699b9	EKONOMI	UMUM	MEDIUM	\N	2025-06-12 14:55:37.081607+00	\N
c811029a-382f-47d1-b72a-814f73807101	SOSIAL	UMUM	MEDIUM	\N	2025-06-12 14:55:37.081607+00	\N
ca69bd83-1214-4872-b816-8d3254a23b68	BUDAYA	UMUM	MEDIUM	\N	2025-06-12 14:55:37.081607+00	\N
d04f7fe6-e6d4-4588-90b2-3ec0dac97e76	SEJARAH	UMUM	MEDIUM	\N	2025-06-12 14:55:37.081607+00	\N
9d05ce83-b2a9-4a75-b7dd-b8d0b7ef9548	TEKNOLOGI	UMUM	HARD	\N	2025-06-12 14:55:37.081607+00	\N
bac96b4b-7651-475a-8a08-254cb7d20737	INFORMASI	UMUM	HARD	\N	2025-06-12 14:55:37.081607+00	\N
6b81013e-9fa0-4382-96be-01c649190f28	KOMUNIKASI	UMUM	HARD	\N	2025-06-12 14:55:37.081607+00	\N
f84b458a-9480-49ed-93e9-dfb5f4ad843d	TRANSPORTASI	UMUM	HARD	\N	2025-06-12 14:55:37.081607+00	\N
50f919db-56ec-462a-a175-1ce6be7c9b7b	INFRASTRUKTUR	UMUM	HARD	\N	2025-06-12 14:55:37.081607+00	\N
97231663-e738-45c0-a42f-93e9dfeede76	PEMBANGUNAN	UMUM	HARD	\N	2025-06-12 14:55:37.081607+00	\N
47030259-0fe1-4d6f-a1cb-a8b4fffad4bc	PERUBAHAN	UMUM	HARD	\N	2025-06-12 14:55:37.081607+00	\N
67fbf410-7062-4bd6-9656-3e0f6c6f1d65	IKLIM	UMUM	EASY	\N	2025-06-12 14:55:37.081607+00	\N
2a1ce3a7-0eea-4bce-915b-f54163e7f429	CUACA	UMUM	EASY	\N	2025-06-12 14:55:37.081607+00	\N
d12d96b5-1d64-4980-8ce8-0aac29543720	ENERGI	UMUM	MEDIUM	\N	2025-06-12 14:55:37.081607+00	\N
62a17796-ba5b-4a9f-958e-96ddc8e50fa4	SUMBERDAYA	UMUM	HARD	\N	2025-06-12 14:55:37.081607+00	\N
83ecf37c-7560-4571-893a-f91b8f9605bd	MANUSIA	UMUM	MEDIUM	\N	2025-06-12 14:55:37.081607+00	\N
61eb6372-7969-4dd5-9477-20ae9bd677cd	ALAM	UMUM	EASY	\N	2025-06-12 14:55:37.081607+00	\N
40672fce-c47a-4e09-9a75-98aa2f3eb558	KEADILAN	UMUM	HARD	\N	2025-06-12 14:55:37.081607+00	\N
1151de84-cf3b-4305-877a-b164c87338ac	HUKUM	UMUM	EASY	\N	2025-06-12 14:55:37.081607+00	\N
b5dcd033-40ca-45d6-ae95-273e99acaecd	PERATURAN	UMUM	HARD	\N	2025-06-12 14:55:37.081607+00	\N
49f181ab-6432-4649-b947-10d734f54dbc	KEAMANAN	UMUM	HARD	\N	2025-06-12 14:55:37.081607+00	\N
6151ebf8-5bd1-4d4d-b941-586f5a6b87d5	PERTAHANAN	UMUM	HARD	\N	2025-06-12 14:55:37.081607+00	\N
494d17e5-dec2-491e-8c1e-d2c38859a2bf	HUBUNGAN	UMUM	HARD	\N	2025-06-12 14:55:37.081607+00	\N
e517544d-e234-4fa9-ae64-dd7be10d0806	INTERNASIONAL	UMUM	HARD	\N	2025-06-12 14:55:37.081607+00	\N
86147a79-2d3d-4e61-a136-31d76b7728c7	GLOBAL	UMUM	EASY	\N	2025-06-12 14:55:37.081607+00	\N
616e177a-3615-466f-bc50-34f5824b33dd	LOKAL	UMUM	EASY	\N	2025-06-12 14:55:37.081607+00	\N
cbd2f758-0e06-435a-aaae-1ef04159bfd3	NASIONAL	UMUM	HARD	\N	2025-06-12 14:55:37.081607+00	\N
e4efad45-a89d-41b1-85ae-34accaa3acc4	REGIONAL	UMUM	HARD	\N	2025-06-12 14:55:37.081607+00	\N
ffd1ec42-4a1d-4889-acec-e3d601b673d1	PROSES	UMUM	EASY	\N	2025-06-12 14:55:37.081607+00	\N
f71c7804-e24c-4017-a9f4-b4df75b035d0	HASIL	UMUM	EASY	\N	2025-06-12 14:55:37.081607+00	\N
77d0caf4-6ac8-4f98-9ce9-76d2ee4423c6	DAMPAK	UMUM	EASY	\N	2025-06-12 14:55:37.081607+00	\N
a7cbbe83-4af8-440e-97f1-073188d97f2d	MANFAAT	UMUM	MEDIUM	\N	2025-06-12 14:55:37.081607+00	\N
29004c06-3e3b-4d96-ab4d-aae9b974b085	RESIKO	UMUM	EASY	\N	2025-06-12 14:55:37.081607+00	\N
34d95794-04ea-401e-a3fb-2f975eab35de	TANTANGAN	UMUM	HARD	\N	2025-06-12 14:55:37.081607+00	\N
bf7054e3-a23f-429d-a15f-6ab35950d465	PELUANG	UMUM	MEDIUM	\N	2025-06-12 14:55:37.081607+00	\N
9a392516-3c65-4d82-8f60-6b5fce784c21	MASALAH	UMUM	MEDIUM	\N	2025-06-12 14:55:37.081607+00	\N
25599144-a599-4d1e-a605-f93a504864cd	SOLUSI	UMUM	MEDIUM	\N	2025-06-12 14:55:37.081607+00	\N
2e8edd9b-0ef5-49c1-96c2-6d3f03896657	INOVASI	UMUM	HARD	\N	2025-06-12 14:55:37.081607+00	\N
7546f646-7fab-4e37-9bee-e555e289d3a3	KREATIVITAS	UMUM	HARD	\N	2025-06-12 14:55:37.081607+00	\N
085a9f89-1c45-43a7-9416-c312a8528bf7	PRODUKTIVITAS	UMUM	HARD	\N	2025-06-12 14:55:37.081607+00	\N
9be2b246-4ccc-47e6-972b-85b0c7606ba6	KUALITAS	UMUM	HARD	\N	2025-06-12 14:55:37.081607+00	\N
cb340026-c315-412f-a38a-092e08d4dcbe	KUANTITAS	UMUM	HARD	\N	2025-06-12 14:55:37.081607+00	\N
1185006d-c11d-481e-b217-0d2c13e0a5a6	EFISIENSI	UMUM	HARD	\N	2025-06-12 14:55:37.081607+00	\N
76fa129e-1907-4539-a183-63fb1a10e2c0	EFEKTIVITAS	UMUM	HARD	\N	2025-06-12 14:55:37.081607+00	\N
882e008c-89c3-4e72-b6bf-ff7b6884bdd0	STRATEGI	UMUM	MEDIUM	\N	2025-06-12 14:55:37.081607+00	\N
3a9258d7-ce3a-42b1-9e38-fad2d24fc801	TAKTIK	UMUM	EASY	\N	2025-06-12 14:55:37.081607+00	\N
c8b1976e-d3e2-4139-8c10-3c06e93ce21e	RENCANA	UMUM	MEDIUM	\N	2025-06-12 14:55:37.081607+00	\N
442724c3-dfd4-4a44-a9ce-42d4d40e45f7	TUJUAN	UMUM	MEDIUM	\N	2025-06-12 14:55:37.081607+00	\N
ce29aee4-7aa5-47be-ae6f-ffae2e123826	VISI	UMUM	EASY	\N	2025-06-12 14:55:37.081607+00	\N
6692dbc8-7fcc-48ea-b6dc-36f7a9156041	MISI	UMUM	EASY	\N	2025-06-12 14:55:37.081607+00	\N
f5ada971-cf89-492c-b035-2754f098c555	NILAI	UMUM	EASY	\N	2025-06-12 14:55:37.081607+00	\N
76c7ce97-ba48-4bb9-a42a-059c689070bf	PRINSIP	UMUM	MEDIUM	\N	2025-06-12 14:55:37.081607+00	\N
f0818f40-4c62-4992-b45f-0caa9e2039c5	ETIKA	UMUM	EASY	\N	2025-06-12 14:55:37.081607+00	\N
6deed4b6-80ba-493a-83ba-6051d7589e7c	MORAL	UMUM	EASY	\N	2025-06-12 14:55:37.081607+00	\N
b67d0d19-b88d-470c-8119-f2a04f07e98c	AGAMA	UMUM	EASY	\N	2025-06-12 14:55:37.081607+00	\N
938d2ba0-70ba-44ec-97af-c82f1952eb3c	KEPERCAYAAN	UMUM	HARD	\N	2025-06-12 14:55:37.081607+00	\N
5b6d9234-c410-4a2a-a99d-66f61affcc7d	FILSAFAT	UMUM	HARD	\N	2025-06-12 14:55:37.081607+00	\N
d102fbdc-1acb-48d0-a61e-ab704088b678	SENI	UMUM	EASY	\N	2025-06-12 14:55:37.081607+00	\N
58677198-4f3d-4362-9d55-b784e5075d65	SASTRA	UMUM	MEDIUM	\N	2025-06-12 14:55:37.081607+00	\N
727a002d-fc5c-4399-b2ad-8c166314c522	MUSIK	UMUM	EASY	\N	2025-06-12 14:55:37.081607+00	\N
d6080fcd-bc69-46a5-ac90-34801c0595e8	OLAHRAGA	UMUM	HARD	\N	2025-06-12 14:55:37.081607+00	\N
57f886a7-6d00-458a-b05f-61cdd943601f	HIBURAN	UMUM	HARD	\N	2025-06-12 14:55:37.081607+00	\N
88742bc4-2ad0-44fd-97ca-41d5525dff8b	WISATA	UMUM	MEDIUM	\N	2025-06-12 14:55:37.081607+00	\N
4c726cfd-6370-4499-85f9-b79a5b650160	KULINER	UMUM	HARD	\N	2025-06-12 14:55:37.081607+00	\N
3bad7b9e-fa50-447e-8958-03b48f2bbb4d	GAYAHIDUP	UMUM	HARD	\N	2025-06-12 14:55:37.081607+00	\N
8795abf3-0ab2-4784-96fc-04361d74e782	MODE	UMUM	EASY	\N	2025-06-12 14:55:37.081607+00	\N
0405a04b-3d36-4951-b6ea-a5e981a1620e	TREN	UMUM	EASY	\N	2025-06-12 14:55:37.081607+00	\N
51e55d74-6d23-40e1-bf5b-bb2afd548f4c	BERITA	UMUM	MEDIUM	\N	2025-06-12 14:55:37.081607+00	\N
2681901b-9067-4c27-9011-d089f1494945	FAKTA	UMUM	EASY	\N	2025-06-12 14:55:37.081607+00	\N
1c84318b-d46c-4381-97ae-4d92e1d560dc	OPINI	UMUM	EASY	\N	2025-06-12 14:55:37.081607+00	\N
b250ae48-3175-410a-994f-d301a0d33150	DATA	UMUM	EASY	\N	2025-06-12 14:55:37.081607+00	\N
19a5deab-a8f7-4999-a6bc-a8a41761ec40	ANALISIS	UMUM	HARD	\N	2025-06-12 14:55:37.081607+00	\N
01fb89e5-b10c-422a-a704-831e410ddd46	PENELITIAN	UMUM	HARD	\N	2025-06-12 14:55:37.081607+00	\N
73fdda3e-ee72-4b5e-be43-93132d43fec8	SURVEI	UMUM	MEDIUM	\N	2025-06-12 14:55:37.081607+00	\N
b06128a2-dac8-48ec-9dc6-cb94758109e1	LAPORAN	UMUM	HARD	\N	2025-06-12 14:55:37.081607+00	\N
602a240b-141e-447b-a2c0-a323d9aabe34	DOKUMEN	UMUM	HARD	\N	2025-06-12 14:55:37.081607+00	\N
8188a128-3546-4ee2-b063-362805208391	ARSIP	UMUM	EASY	\N	2025-06-12 14:55:37.081607+00	\N
880af77d-5f0c-46a7-9f85-cfd9beb15e92	PERPUSTAKAAN	UMUM	HARD	\N	2025-06-12 14:55:37.081607+00	\N
b368d331-8a34-4ed2-9c5c-d5eb3a6dd9f9	MUSEUM	UMUM	MEDIUM	\N	2025-06-12 14:55:37.081607+00	\N
f24441e5-6896-41e6-89d4-ea390aaa49c4	GALERI	UMUM	MEDIUM	\N	2025-06-12 14:55:37.081607+00	\N
0842aa45-4aa3-41ce-8624-c4639c3546a6	PAMERAN	UMUM	HARD	\N	2025-06-12 14:55:37.081607+00	\N
b7b48050-be86-48f7-9908-bd6a748fb2b0	FESTIVAL	UMUM	HARD	\N	2025-06-12 14:55:37.081607+00	\N
e6fbdccf-05a3-4d3c-96d0-cd305f3cf5e9	KOMUNITAS	UMUM	HARD	\N	2025-06-12 14:55:37.081607+00	\N
f7590231-51c5-48a1-af7c-fedf9a60485d	ORGANISASI	UMUM	HARD	\N	2025-06-12 14:55:37.081607+00	\N
e302dc62-5eb8-4499-9d33-a3566797c17e	PERUSAHAAN	UMUM	HARD	\N	2025-06-12 14:55:37.081607+00	\N
52a3f845-5ab8-4ade-a897-02a2ba94ccb3	PESAWAT	KENDARAAN	MEDIUM	\N	2025-06-12 14:55:37.081607+00	\N
c6bf58e8-7e56-4ae6-a517-5a54603be4c4	KERETA	KENDARAAN	MEDIUM	\N	2025-06-12 14:55:37.081607+00	\N
e8c0b439-e002-4339-9baa-106ac6604f81	KAPAL	KENDARAAN	EASY	\N	2025-06-12 14:55:37.081607+00	\N
ec7e06c1-fe42-4059-8b14-93f988405b46	TRUK	KENDARAAN	EASY	\N	2025-06-12 14:55:37.081607+00	\N
7583b157-fa3f-42f6-ac0f-1eb8bf770d49	BUS	KENDARAAN	EASY	\N	2025-06-12 14:55:37.081607+00	\N
6434113c-a932-4461-ab35-7e3200f3cb27	TAKSI	KENDARAAN	EASY	\N	2025-06-12 14:55:37.081607+00	\N
0275ff84-2bad-4886-8d0f-38cfc219a9fe	AMBULANS	KENDARAAN	HARD	\N	2025-06-12 14:55:37.081607+00	\N
a9e69453-b5fa-4605-b9b9-ddc898424cb8	PEMADAM	KENDARAAN	MEDIUM	\N	2025-06-12 14:55:37.081607+00	\N
c9fa544b-1a6f-45f8-a505-45802f6b1e84	TRAKTOR	KENDARAAN	MEDIUM	\N	2025-06-12 14:55:37.081607+00	\N
ae847ae3-fc59-4e56-9364-8c10e7b54cc2	EKSKAVATOR	KENDARAAN	HARD	\N	2025-06-12 14:55:37.081607+00	\N
32959752-0da1-4a61-b75a-fc7b0eccb849	BULDOZER	KENDARAAN	HARD	\N	2025-06-12 14:55:37.081607+00	\N
f1aa880b-53f2-4323-8da4-8894a1fe092e	CRANE	KENDARAAN	EASY	\N	2025-06-12 14:55:37.081607+00	\N
f5b881d1-ded8-430d-b32f-801d078b09bf	FORKLIFT	KENDARAAN	HARD	\N	2025-06-12 14:55:37.081607+00	\N
3f622e65-b4b7-4618-a8e0-59edff59513e	MOTOR	KENDARAAN	EASY	\N	2025-06-12 14:55:37.081607+00	\N
1da9d139-b0fc-46ea-8c21-c88b77ba4e3b	SEPEDA	KENDARAAN	MEDIUM	\N	2025-06-12 14:55:37.081607+00	\N
0a890d15-4d01-488b-ba98-3467d04c4dce	BECAK	KENDARAAN	MEDIUM	\N	2025-06-12 14:55:37.081607+00	\N
aa36fb14-7ab4-4dd2-bc52-b73ca10b9525	DELMAN	KENDARAAN	MEDIUM	\N	2025-06-12 14:55:37.081607+00	\N
d69a9efd-c555-46cd-bb69-043db2cbd2a8	BAJAJ	KENDARAAN	MEDIUM	\N	2025-06-12 14:55:37.081607+00	\N
021952c7-beb5-4736-b53a-605cbb35a55d	ANGKOT	KENDARAAN	MEDIUM	\N	2025-06-12 14:55:37.081607+00	\N
3fcdc2dd-981b-4470-b0b9-68b47008d4ad	SKUTER	KENDARAAN	MEDIUM	\N	2025-06-12 14:55:37.081607+00	\N
b7d1b62d-6c71-4dbd-8c93-c6b2f096e139	VESPA	KENDARAAN	EASY	\N	2025-06-12 14:55:37.081607+00	\N
e02c943f-52f8-4e1f-a083-a6deaeb3d1be	LIMOSIN	KENDARAAN	HARD	\N	2025-06-12 14:55:37.081607+00	\N
8da7126f-e6a8-4247-93ae-97ab4660f25a	JEEP	KENDARAAN	EASY	\N	2025-06-12 14:55:37.081607+00	\N
1b5fb3e0-7810-4fe7-87bb-7ffb677f4a3a	SEDAN	KENDARAAN	EASY	\N	2025-06-12 14:55:37.081607+00	\N
cc6497bd-bd91-4651-9001-42eacb58a9ee	SUV	KENDARAAN	EASY	\N	2025-06-12 14:55:37.081607+00	\N
892bd6f0-a931-4296-b3dc-10d93e6d5fdc	PICKUP	KENDARAAN	MEDIUM	\N	2025-06-12 14:55:37.081607+00	\N
4602cde4-9a22-4af9-929f-10c2ab02cd0d	KONTAINER	KENDARAAN	HARD	\N	2025-06-12 14:55:37.081607+00	\N
a78cd9a7-2866-4864-958f-d12c7ae4ea65	TANGKER	KENDARAAN	MEDIUM	\N	2025-06-12 14:55:37.081607+00	\N
a741ffe8-1925-4500-b0d3-b42d6680d3c2	PESIAR	KENDARAAN	HARD	\N	2025-06-12 14:55:37.081607+00	\N
9563c095-ec2e-4127-9cbe-c0e6b7eafbd3	FERI	KENDARAAN	EASY	\N	2025-06-12 14:55:37.081607+00	\N
75f281ff-7ace-4791-9626-5da65c9357ef	RAKIT	KENDARAAN	EASY	\N	2025-06-12 14:55:37.081607+00	\N
ec3a809a-a49c-425a-9b37-6540130cb868	SAMPAN	KENDARAAN	MEDIUM	\N	2025-06-12 14:55:37.081607+00	\N
5da0fa45-edfb-41ff-a149-47169231a590	PERAHU	KENDARAAN	MEDIUM	\N	2025-06-12 14:55:37.081607+00	\N
9262a9e4-a998-4f0d-8823-7b72f129a999	JETSKI	KENDARAAN	HARD	\N	2025-06-12 14:55:37.081607+00	\N
136bfc34-a20f-4f4b-859f-c83431b76641	KAYAK	KENDARAAN	EASY	\N	2025-06-12 14:55:37.081607+00	\N
3fd4bb02-629c-4ff6-98e7-e1f296b0e015	KANU	KENDARAAN	EASY	\N	2025-06-12 14:55:37.081607+00	\N
22e1b46d-2259-43ea-b846-c76af571e3c4	BALONUDARA	KENDARAAN	HARD	\N	2025-06-12 14:55:37.081607+00	\N
c39f8ea5-5114-413f-9110-59299d89b15d	ZEPPELIN	KENDARAAN	HARD	\N	2025-06-12 14:55:37.081607+00	\N
e079cd41-caac-4419-b488-4888cca5db2a	ROKET	KENDARAAN	EASY	\N	2025-06-12 14:55:37.081607+00	\N
202542cd-67d7-4064-876c-32920468167f	SATELIT	KENDARAAN	HARD	\N	2025-06-12 14:55:37.081607+00	\N
eed2aba3-8305-47ce-9884-070944a68cdb	ULAKALIK	KENDARAAN	HARD	\N	2025-06-12 14:55:37.081607+00	\N
0aa161a1-a7b8-43c3-b305-ad4ade97c841	MONOREL	KENDARAAN	HARD	\N	2025-06-12 14:55:37.081607+00	\N
9efbbad3-655b-46d8-ab83-c1e71413896c	TRAM	KENDARAAN	EASY	\N	2025-06-12 14:55:37.081607+00	\N
bce68e6c-59fb-438e-b9d0-6f66ef8789aa	SUBMARINE	KENDARAAN	HARD	\N	2025-06-12 14:55:37.081607+00	\N
c8f5ebcb-455f-4b3e-8870-8751ab81b436	HOVERCRAFT	KENDARAAN	HARD	\N	2025-06-12 14:55:37.081607+00	\N
26416ed3-dd55-4a63-9003-7aa26b00be83	GLIDER	KENDARAAN	MEDIUM	\N	2025-06-12 14:55:37.081607+00	\N
2b09d39e-86b8-4fd2-9585-4474ab93ab9e	HELIUM	KENDARAAN	MEDIUM	\N	2025-06-12 14:55:37.081607+00	\N
36d4e667-fcab-4621-ab05-40d8c7cbdb08	KERETACEPAT	KENDARAAN	HARD	\N	2025-06-12 14:55:37.081607+00	\N
9b15c4e2-0c09-4973-b866-4aacc5bdbb62	MOBILLISTRIK	KENDARAAN	HARD	\N	2025-06-12 14:55:37.081607+00	\N
6e9ffddb-1290-4f36-84aa-ca4a87563d30	PISAU	PERALATAN	EASY	\N	2025-06-12 14:55:37.081607+00	\N
db54e9de-7848-476a-ae51-02b88e4930ff	SENDOK	PERALATAN	MEDIUM	\N	2025-06-12 14:55:37.081607+00	\N
07af3143-4bd9-4323-8513-468378dc2628	GARPU	PERALATAN	EASY	\N	2025-06-12 14:55:37.081607+00	\N
a42653f2-6159-4986-ad2a-3ab7ffb08bce	PIRING	PERALATAN	MEDIUM	\N	2025-06-12 14:55:37.081607+00	\N
b2b74a27-94b1-4752-b4c2-83414e7a0462	GELAS	PERALATAN	EASY	\N	2025-06-12 14:55:37.081607+00	\N
4eff9133-3e29-412f-a15b-5a478976fd03	MANGKOK	PERALATAN	MEDIUM	\N	2025-06-12 14:55:37.081607+00	\N
c7bf92db-e81d-4f42-9965-76c14ca95649	PANCI	PERALATAN	EASY	\N	2025-06-12 14:55:37.081607+00	\N
0180cbf3-4e56-4207-bcf5-9a76f236bad8	WAJAN	PERALATAN	EASY	\N	2025-06-12 14:55:37.081607+00	\N
4f881dc6-7755-453b-a9d1-37f663c7d48d	OVEN	PERALATAN	EASY	\N	2025-06-12 14:55:37.081607+00	\N
747e53c8-1930-48ba-8342-80b315d272a4	BLENDER	PERALATAN	MEDIUM	\N	2025-06-12 14:55:37.081607+00	\N
ba4f2c2c-5f24-49b4-bfbe-8dc8dfe52ba7	MIKSER	PERALATAN	MEDIUM	\N	2025-06-12 14:55:37.081607+00	\N
f252d1dc-c46f-45eb-a4d2-5fbaabb6c99a	RICECOOKER	PERALATAN	HARD	\N	2025-06-12 14:55:37.081607+00	\N
941526ba-12f3-49ad-9939-2b3d8ca7d53e	KOMPOR	PERALATAN	MEDIUM	\N	2025-06-12 14:55:37.081607+00	\N
07995a25-7b23-4854-b4b5-06b92729dcfd	SUTIL	PERALATAN	EASY	\N	2025-06-12 14:55:37.081607+00	\N
463d3ce7-6ed7-4173-ab79-fcbfccb4a49a	TALENAN	PERALATAN	HARD	\N	2025-06-12 14:55:37.081607+00	\N
2d345fd8-c013-4325-9f0c-cca571ee011b	PARUTAN	PERALATAN	HARD	\N	2025-06-12 14:55:37.081607+00	\N
3ca35f0e-ef3b-49c3-8026-51d7c990c91b	PEMBUKABOTOL	PERALATAN	HARD	\N	2025-06-12 14:55:37.081607+00	\N
1751c554-c955-40a6-afdc-05861502f48a	PEMBUKAKALENG	PERALATAN	HARD	\N	2025-06-12 14:55:37.081607+00	\N
d8933c25-f67a-468f-b414-7870c4000272	SARINGAN	PERALATAN	HARD	\N	2025-06-12 14:55:37.081607+00	\N
df627ba0-4c58-4a5a-bea4-a721320bced8	TEKO	PERALATAN	EASY	\N	2025-06-12 14:55:37.081607+00	\N
03cf77d1-98d3-4367-9d3c-c95f096d340b	CANGKIR	PERALATAN	MEDIUM	\N	2025-06-12 14:55:37.081607+00	\N
8b1356ec-8e1b-4f84-9b14-15334c625764	PALU	PERALATAN	EASY	\N	2025-06-12 14:55:37.081607+00	\N
0b9cac2d-0c7e-4229-9fa9-2569f196f94e	OBENG	PERALATAN	EASY	\N	2025-06-12 14:55:37.081607+00	\N
3d6aaf3b-90d6-4acc-85b3-be2003be5533	TANG	PERALATAN	EASY	\N	2025-06-12 14:55:37.081607+00	\N
6732f0e9-0691-43ed-915b-52a3ef3e4cfe	GERGAJI	PERALATAN	HARD	\N	2025-06-12 14:55:37.081607+00	\N
87b627ef-8b8e-4997-bd05-8530b103d2a9	BOR	PERALATAN	EASY	\N	2025-06-12 14:55:37.081607+00	\N
0280f43d-93f1-418b-b12c-d155d22e5fd4	PAKU	PERALATAN	EASY	\N	2025-06-12 14:55:37.081607+00	\N
d49b52e7-b1af-4d90-bf53-79bc20e5f818	BAUT	PERALATAN	EASY	\N	2025-06-12 14:55:37.081607+00	\N
f0c272bb-47bf-4228-8622-2e6f82c1c8a4	MUR	PERALATAN	EASY	\N	2025-06-12 14:55:37.081607+00	\N
e1466266-fe4f-4c1e-a7e0-c12d9793c9f0	KUNCIPAS	PERALATAN	HARD	\N	2025-06-12 14:55:37.081607+00	\N
41b67703-c647-4527-afee-2928b1385f20	KUNCIINGGRIS	PERALATAN	HARD	\N	2025-06-12 14:55:37.081607+00	\N
5d9be709-57e1-4f0d-a92b-d952377c3fee	METERAN	PERALATAN	HARD	\N	2025-06-12 14:55:37.081607+00	\N
3c47cdf8-ca3a-4eab-841a-b45b54b65906	SOLDER	PERALATAN	MEDIUM	\N	2025-06-12 14:55:37.081607+00	\N
5b2471d6-642b-4d9c-bb60-2f9a3c0b7817	TIMAH	PERALATAN	EASY	\N	2025-06-12 14:55:37.081607+00	\N
2d68faea-f6b4-4191-8b12-4a06c641b6d5	CAT	PERALATAN	EASY	\N	2025-06-12 14:55:37.081607+00	\N
6caa6a50-068f-425c-b5fa-cd1bea085ca4	KUAS	PERALATAN	EASY	\N	2025-06-12 14:55:37.081607+00	\N
3b85edb9-20f8-4caf-bb11-b92fa88dc2b7	ROL	PERALATAN	EASY	\N	2025-06-12 14:55:37.081607+00	\N
87837d20-d25e-4dce-a383-38a2b4f53f87	LEM	PERALATAN	EASY	\N	2025-06-12 14:55:37.081607+00	\N
5913bba3-dedb-45ef-9f4b-1023f1534312	GUNTING	PERALATAN	MEDIUM	\N	2025-06-12 14:55:37.081607+00	\N
5ad280ad-67aa-4bed-ba57-5fd3fa23a642	PENGGARIS	PERALATAN	HARD	\N	2025-06-12 14:55:37.081607+00	\N
5ac6e10d-7800-4c8d-864a-23588e291c20	JANGKA	PERALATAN	EASY	\N	2025-06-12 14:55:37.081607+00	\N
b433a5a7-06e4-4eee-aa62-bb818ea963f5	BUSUR	PERALATAN	EASY	\N	2025-06-12 14:55:37.081607+00	\N
95642cdd-c829-4877-8b1a-334d32d232f7	STAPLES	PERALATAN	MEDIUM	\N	2025-06-12 14:55:37.081607+00	\N
0a77b870-83f1-4c96-9d3a-9ee41552b84e	KERTAS	PERALATAN	MEDIUM	\N	2025-06-12 14:55:37.081607+00	\N
f1067a37-c0f2-4b68-ab8a-c20c85a23cff	AMPLAS	PERALATAN	MEDIUM	\N	2025-06-12 14:55:37.081607+00	\N
3dc21763-8103-41e3-a448-1afbbd556ac2	SAPU	PERALATAN	EASY	\N	2025-06-12 14:55:37.081607+00	\N
0c62c413-fdc5-451b-9587-a86dd81b3d5c	PEL	PERALATAN	EASY	\N	2025-06-12 14:55:37.081607+00	\N
7bd79ff5-876f-497d-9506-9e2e3045b88a	EMBER	PERALATAN	EASY	\N	2025-06-12 14:55:37.081607+00	\N
cb26e5ae-a2fa-4733-85bc-44937d614734	LAP	PERALATAN	EASY	\N	2025-06-12 14:55:37.081607+00	\N
db4fc3ca-50d2-46e2-aa2b-384e1a270d00	KEPALA	TUBUH	MEDIUM	\N	2025-06-12 14:55:37.081607+00	\N
39135dd2-aae2-466c-be1d-477018ed6ceb	RAMBUT	TUBUH	MEDIUM	\N	2025-06-12 14:55:37.081607+00	\N
79575f1c-1c5b-4234-87dc-feffaca9d0a3	MATA	TUBUH	EASY	\N	2025-06-12 14:55:37.081607+00	\N
82c33853-bf23-43cd-8edb-ef718e6e854d	HIDUNG	TUBUH	MEDIUM	\N	2025-06-12 14:55:37.081607+00	\N
e82995b3-d326-4972-be28-7feba3283921	MULUT	TUBUH	MEDIUM	\N	2025-06-12 14:55:37.081607+00	\N
bc03a23d-552b-429d-9424-8bf54611e70a	TELINGA	TUBUH	MEDIUM	\N	2025-06-12 14:55:37.081607+00	\N
c5866461-484f-4faa-8deb-cb5ca64413d4	LEHER	TUBUH	MEDIUM	\N	2025-06-12 14:55:37.081607+00	\N
7f079d19-0b5d-4153-a00b-ab2ead88a14c	BAHU	TUBUH	EASY	\N	2025-06-12 14:55:37.081607+00	\N
97ceaeff-8f0d-4e01-9329-95ad13254888	LENGAN	TUBUH	MEDIUM	\N	2025-06-12 14:55:37.081607+00	\N
03e9585d-8cf1-423c-83cb-22bc91a391bf	SIKU	TUBUH	EASY	\N	2025-06-12 14:55:37.081607+00	\N
793e42ec-3077-4637-99e0-45b00911621a	TANGAN	TUBUH	MEDIUM	\N	2025-06-12 14:55:37.081607+00	\N
4c1c7c17-7415-4e4f-bd51-39aa4bc5b1a1	JARI	TUBUH	EASY	\N	2025-06-12 14:55:37.081607+00	\N
4295b7f1-3571-4320-8ad9-ce197c28d794	KUKU	TUBUH	EASY	\N	2025-06-12 14:55:37.081607+00	\N
8ae20a0d-b835-498f-9fff-1c26c826b3cc	DADA	TUBUH	EASY	\N	2025-06-12 14:55:37.081607+00	\N
36b4141c-3d79-45f3-b367-4137ce6fad7b	PERUT	TUBUH	MEDIUM	\N	2025-06-12 14:55:37.081607+00	\N
b0a488b7-fc75-4e87-9014-26902d5ebda1	PUNGGUNG	TUBUH	MEDIUM	\N	2025-06-12 14:55:37.081607+00	\N
230466d7-e247-4e81-a2be-de1df36fbeb2	PINGGANG	TUBUH	MEDIUM	\N	2025-06-12 14:55:37.081607+00	\N
5d09f323-ab57-40db-bcb6-25a1310bde7a	PAHA	TUBUH	EASY	\N	2025-06-12 14:55:37.081607+00	\N
a3ab4b73-3b19-4af0-8413-fcc172bd1233	LUTUT	TUBUH	MEDIUM	\N	2025-06-12 14:55:37.081607+00	\N
9f2e5e76-ab00-4e4d-a71d-b137bc2a16c7	BETIS	TUBUH	MEDIUM	\N	2025-06-12 14:55:37.081607+00	\N
166d5ab5-2838-418f-b325-8f54635a8909	KAKI	TUBUH	EASY	\N	2025-06-12 14:55:37.081607+00	\N
0c5426fc-f6f1-4368-9fe3-ef43f0464872	TUMIT	TUBUH	MEDIUM	\N	2025-06-12 14:55:37.081607+00	\N
00916c6b-b46e-4afd-ae83-f5042de7efc2	LIDAH	TUBUH	MEDIUM	\N	2025-06-12 14:55:37.081607+00	\N
7079e399-1f02-4777-af64-80ca6c6536a3	GIGI	TUBUH	EASY	\N	2025-06-12 14:55:37.081607+00	\N
7deb8448-e3ec-4a8e-bc97-775340e5cc0f	BIBIR	TUBUH	MEDIUM	\N	2025-06-12 14:55:37.081607+00	\N
633db0e1-fbf2-4dde-bb86-ad806e18f992	PIPI	TUBUH	EASY	\N	2025-06-12 14:55:37.081607+00	\N
97d9a203-4185-4c58-889b-c9782ecacbda	DAGU	TUBUH	EASY	\N	2025-06-12 14:55:37.081607+00	\N
461c0d75-0e47-42bb-a559-ccdc7d0647b0	ALIS	TUBUH	EASY	\N	2025-06-12 14:55:37.081607+00	\N
33eb5b4f-ddc0-46a7-9b3b-d57b32710f47	BULUMATA	TUBUH	HARD	\N	2025-06-12 14:55:37.081607+00	\N
90d6efaa-8620-49cb-b237-440c87a3d0c2	OTAK	TUBUH	EASY	\N	2025-06-12 14:55:37.081607+00	\N
5a59bfdc-c269-4782-8815-8309824a89de	JANTUNG	TUBUH	MEDIUM	\N	2025-06-12 14:55:37.081607+00	\N
23e37a97-5e28-4886-9bc7-f4d5f12d3fe3	PARUPARU	TUBUH	HARD	\N	2025-06-12 14:55:37.081607+00	\N
82ed84ca-2186-4b1e-b329-4ac39f935f3a	HATI	TUBUH	EASY	\N	2025-06-12 14:55:37.081607+00	\N
ae63d464-803f-475c-9730-3729780f0b73	GINJAL	TUBUH	MEDIUM	\N	2025-06-12 14:55:37.081607+00	\N
022beb90-ec2c-4077-9822-b01aaa0c3241	LAMBUNG	TUBUH	MEDIUM	\N	2025-06-12 14:55:37.081607+00	\N
9764f943-fb68-46ed-9f7e-ccc18c5683f4	USUS	TUBUH	EASY	\N	2025-06-12 14:55:37.081607+00	\N
5c23b1d6-9db1-440b-bcea-6c7615f7372f	TULANG	TUBUH	MEDIUM	\N	2025-06-12 14:55:37.081607+00	\N
b21c2358-3f68-40ac-86c4-a8c5dfe367c4	OTOT	TUBUH	EASY	\N	2025-06-12 14:55:37.081607+00	\N
848c3c2c-5144-4ec7-b7cb-7265b399957f	DARAH	TUBUH	MEDIUM	\N	2025-06-12 14:55:37.081607+00	\N
c38058a3-0e91-4c01-b754-adcdff2b435e	KULIT	TUBUH	EASY	\N	2025-06-12 14:55:37.081607+00	\N
85a17779-51bc-4b8c-8125-536dfde0a890	TENGGOROKAN	TUBUH	HARD	\N	2025-06-12 14:55:37.081607+00	\N
17240252-6e3c-4276-88dd-655153845e54	KERONGKONGAN	TUBUH	HARD	\N	2025-06-12 14:55:37.081607+00	\N
845a5fe7-419b-41b3-9382-0ce85c8cc620	PANKREAS	TUBUH	HARD	\N	2025-06-12 14:55:37.081607+00	\N
04893a6f-5ca8-4eb5-86d8-6caebfebea6c	EMPEDU	TUBUH	MEDIUM	\N	2025-06-12 14:55:37.081607+00	\N
06c13e31-1d42-4a39-808c-523f19a118ef	LIMPA	TUBUH	EASY	\N	2025-06-12 14:55:37.081607+00	\N
d621bd12-8b11-43d8-9628-fc008defb6cc	SYARAF	TUBUH	MEDIUM	\N	2025-06-12 14:55:37.081607+00	\N
0e9a359a-c9c9-49ae-9820-075f3452b873	TENGKORAK	TUBUH	HARD	\N	2025-06-12 14:55:37.081607+00	\N
5e7cf84d-da51-41f1-b168-b34186a4e2ef	RAHANG	TUBUH	MEDIUM	\N	2025-06-12 14:55:37.081607+00	\N
dd08dede-ac29-4060-85e6-a1048ffc274a	RUSUK	TUBUH	EASY	\N	2025-06-12 14:55:37.081607+00	\N
56c1a2ed-378f-44c8-84d9-99429b421b70	MERAH	WARNA	EASY	\N	2025-06-12 14:55:37.081607+00	\N
f9494e55-5ed4-4fab-9af6-bebb0e143307	BIRU	WARNA	EASY	\N	2025-06-12 14:55:37.081607+00	\N
018c1fe7-cc3f-4420-b7cb-40e0ad5ab0e0	KUNING	WARNA	MEDIUM	\N	2025-06-12 14:55:37.081607+00	\N
76e6dd6b-3bfb-4365-8b60-898f57e6a9c2	HIJAU	WARNA	MEDIUM	\N	2025-06-12 14:55:37.081607+00	\N
e824a3b1-1887-4f64-b61c-4600fe36f851	HITAM	WARNA	EASY	\N	2025-06-12 14:55:37.081607+00	\N
4b668a5f-8624-40fb-b756-746cb08f1b2b	PUTIH	WARNA	MEDIUM	\N	2025-06-12 14:55:37.081607+00	\N
1855c9a4-996e-4493-86ab-84471856e1bc	UNGU	WARNA	EASY	\N	2025-06-12 14:55:37.081607+00	\N
a8ed125e-b6bc-4bcd-9334-0bc6197e6f6a	JINGGA	WARNA	MEDIUM	\N	2025-06-12 14:55:37.081607+00	\N
f3f50f1b-759e-4ac8-bfb3-ceb47b29446b	COKELAT	WARNA	HARD	\N	2025-06-12 14:55:37.081607+00	\N
c138ad47-100a-4f69-8614-6940e17f4ada	ABUABU	WARNA	HARD	\N	2025-06-12 14:55:37.081607+00	\N
e01b8459-acab-4893-b33e-086ab0424335	MERAHMUDA	WARNA	HARD	\N	2025-06-12 14:55:37.081607+00	\N
1853d577-108c-490b-ac69-eecaac482df2	NILA	WARNA	EASY	\N	2025-06-12 14:55:37.081607+00	\N
c09e5134-c340-4e1b-bf39-f2fddf9c2f29	EMAS	WARNA	EASY	\N	2025-06-12 14:55:37.081607+00	\N
0c49e480-d823-4375-a2e0-3ce0c15fb1af	PERAK	WARNA	MEDIUM	\N	2025-06-12 14:55:37.081607+00	\N
7b79cfcd-aa0c-4916-b30a-16d9d958ecfb	PERUNGGU	WARNA	HARD	\N	2025-06-12 14:55:37.081607+00	\N
6d757bcf-0916-417c-ad9e-8869ec3cacbb	MAGENTA	WARNA	HARD	\N	2025-06-12 14:55:37.081607+00	\N
f7581cc7-272a-4ef7-acbb-0f8af1acd265	CYAN	WARNA	EASY	\N	2025-06-12 14:55:37.081607+00	\N
f1d05320-a3fd-4a37-a245-906ff7ff1921	TOSKA	WARNA	EASY	\N	2025-06-12 14:55:37.081607+00	\N
892f2b6c-c42c-49e8-9335-1826d921c817	BEIGE	WARNA	EASY	\N	2025-06-12 14:55:37.081607+00	\N
c8ada5e8-2b8d-4163-9b1e-8baacbfdbbd1	KREM	WARNA	EASY	\N	2025-06-12 14:55:37.081607+00	\N
659155bd-46af-4ddd-adc5-ed116a0c7c9e	OLIVE	WARNA	EASY	\N	2025-06-12 14:55:37.081607+00	\N
3dec989d-5c15-4cef-853e-54326caa9cb2	MARUN	WARNA	MEDIUM	\N	2025-06-12 14:55:37.081607+00	\N
7c7bbb94-2e02-43fe-a55a-49ce4d5d56dd	SALEM	WARNA	MEDIUM	\N	2025-06-12 14:55:37.081607+00	\N
0c02104f-2225-4667-9226-3d55bee02c5d	LAVENDER	WARNA	HARD	\N	2025-06-12 14:55:37.081607+00	\N
6857e767-e271-4fc8-a8b3-52766a078523	NAVY	WARNA	EASY	\N	2025-06-12 14:55:37.081607+00	\N
454ae086-0dbb-4b44-b2ed-248e1fc08358	LINGKARAN	BENTUK	HARD	\N	2025-06-12 14:55:37.081607+00	\N
e7ee4645-bfec-4f87-81a1-9cd20c9b46b1	PERSEGI	BENTUK	MEDIUM	\N	2025-06-12 14:55:37.081607+00	\N
da7d61e0-366f-4b1d-bd2c-2769c85fb75c	SEGITIGA	BENTUK	HARD	\N	2025-06-12 14:55:37.081607+00	\N
6a65894d-e463-40fc-b068-713b31d66660	OVAL	BENTUK	EASY	\N	2025-06-12 14:55:37.081607+00	\N
efa58626-ce7d-46ac-ba8d-ae540dd61d58	BINTANG	BENTUK	MEDIUM	\N	2025-06-12 14:55:37.081607+00	\N
2b4057dd-4ebe-4ba6-b932-2c1e53f64cdd	HATI	BENTUK	EASY	\N	2025-06-12 14:55:37.081607+00	\N
2c1b2eb4-a461-470d-adaf-0ea02209309f	BULAN	BENTUK	EASY	\N	2025-06-12 14:55:37.081607+00	\N
9b462ee0-149d-45b2-9fdf-4e8ddda54cbe	PANAH	BENTUK	EASY	\N	2025-06-12 14:55:37.081607+00	\N
7d79668d-26e1-45d4-a533-77f5e02e8379	SILANG	BENTUK	MEDIUM	\N	2025-06-12 14:55:37.081607+00	\N
e7720f7a-50e8-46f5-a966-cf6f2a8877b4	KOTAK	BENTUK	EASY	\N	2025-06-12 14:55:37.081607+00	\N
c1dc0536-9a2a-4809-a4cf-61b742e27dec	BALOK	BENTUK	EASY	\N	2025-06-12 14:55:37.081607+00	\N
14ea5b70-41ba-47bd-b003-a8febfd9d48d	KUBUS	BENTUK	EASY	\N	2025-06-12 14:55:37.081607+00	\N
27618532-0d91-4fac-8e38-3f6c6693b3a8	TABUNG	BENTUK	MEDIUM	\N	2025-06-12 14:55:37.081607+00	\N
2c8c0bab-270d-4039-9b28-2a075de88bc8	KERUCUT	BENTUK	HARD	\N	2025-06-12 14:55:37.081607+00	\N
a883612f-0707-4221-b210-24f013eef61f	BOLA	BENTUK	EASY	\N	2025-06-12 14:55:37.081607+00	\N
dee4a065-c7e5-4c9b-a105-c1b3bdf2de01	PIRAMIDA	BENTUK	HARD	\N	2025-06-12 14:55:37.081607+00	\N
c9b6324c-5fe6-4b1a-9b54-a4d71471c449	PRISMA	BENTUK	EASY	\N	2025-06-12 14:55:37.081607+00	\N
cf959883-6e0d-4d8b-934b-41e4214b2cee	HEKSAGON	BENTUK	HARD	\N	2025-06-12 14:55:37.081607+00	\N
f8e77bde-e31d-474b-919d-b4a5735ea779	OKTAGON	BENTUK	HARD	\N	2025-06-12 14:55:37.081607+00	\N
c61b3629-9bee-476f-81e4-53112bae6e22	PENTAGON	BENTUK	HARD	\N	2025-06-12 14:55:37.081607+00	\N
d46aad9a-2ebc-49d5-97d5-d32f627efcf3	GARIS	BENTUK	EASY	\N	2025-06-12 14:55:37.081607+00	\N
8de51559-674e-4ed7-b27c-18b17fb6b85c	TITIK	BENTUK	EASY	\N	2025-06-12 14:55:37.081607+00	\N
055071f5-ca60-4aa1-a685-fb4071f6864e	KURVA	BENTUK	EASY	\N	2025-06-12 14:55:37.081607+00	\N
9b431582-0d45-4a51-8f4a-d0b609cc4c8d	SPIRAL	BENTUK	MEDIUM	\N	2025-06-12 14:55:37.081607+00	\N
fa21d562-368a-4442-a494-8bf804654480	ZIGZAG	BENTUK	MEDIUM	\N	2025-06-12 14:55:37.081607+00	\N
\.


--
-- Name: game_scores game_scores_pkey; Type: CONSTRAINT; Schema: public; Owner: skribbl-word_owner
--

ALTER TABLE ONLY public.game_scores
    ADD CONSTRAINT game_scores_pkey PRIMARY KEY (id);


--
-- Name: users users_email_key; Type: CONSTRAINT; Schema: public; Owner: skribbl-word_owner
--

ALTER TABLE ONLY public.users
    ADD CONSTRAINT users_email_key UNIQUE (email);


--
-- Name: users users_pkey; Type: CONSTRAINT; Schema: public; Owner: skribbl-word_owner
--

ALTER TABLE ONLY public.users
    ADD CONSTRAINT users_pkey PRIMARY KEY (id);


--
-- Name: users users_username_key; Type: CONSTRAINT; Schema: public; Owner: skribbl-word_owner
--

ALTER TABLE ONLY public.users
    ADD CONSTRAINT users_username_key UNIQUE (username);


--
-- Name: words words_pkey; Type: CONSTRAINT; Schema: public; Owner: skribbl-word_owner
--

ALTER TABLE ONLY public.words
    ADD CONSTRAINT words_pkey PRIMARY KEY (id);


--
-- Name: idx_game_scores_score; Type: INDEX; Schema: public; Owner: skribbl-word_owner
--

CREATE INDEX idx_game_scores_score ON public.game_scores USING btree (score DESC);


--
-- Name: idx_game_scores_survival_time; Type: INDEX; Schema: public; Owner: skribbl-word_owner
--

CREATE INDEX idx_game_scores_survival_time ON public.game_scores USING btree (survival_time_seconds DESC);


--
-- Name: idx_game_scores_user_mode; Type: INDEX; Schema: public; Owner: skribbl-word_owner
--

CREATE INDEX idx_game_scores_user_mode ON public.game_scores USING btree (user_id, game_mode);


--
-- Name: game_scores game_scores_user_id_fkey; Type: FK CONSTRAINT; Schema: public; Owner: skribbl-word_owner
--

ALTER TABLE ONLY public.game_scores
    ADD CONSTRAINT game_scores_user_id_fkey FOREIGN KEY (user_id) REFERENCES public.users(id) ON DELETE CASCADE;


--
-- Name: DEFAULT PRIVILEGES FOR SEQUENCES; Type: DEFAULT ACL; Schema: public; Owner: cloud_admin
--

ALTER DEFAULT PRIVILEGES FOR ROLE cloud_admin IN SCHEMA public GRANT ALL ON SEQUENCES TO neon_superuser WITH GRANT OPTION;


--
-- Name: DEFAULT PRIVILEGES FOR TABLES; Type: DEFAULT ACL; Schema: public; Owner: cloud_admin
--

ALTER DEFAULT PRIVILEGES FOR ROLE cloud_admin IN SCHEMA public GRANT ALL ON TABLES TO neon_superuser WITH GRANT OPTION;


--
-- PostgreSQL database dump complete
--

